SV_ID	CHR	DEL_start	DEL_end	gene_id	gene_name	gene_chr	gene_start	gene_end	gene_biotype
DEL00000016	1	37323675	37325195	ENSBTAG00000006811	EPHA3	1	37110684	37519280	protein_coding
DEL00000039	1	137077619	137079531	ENSBTAG00000002966	DNAJC13	1	137051554	137215251	protein_coding
DEL00000040	1	138317595	138319079	ENSBTAG00000010448	CPNE4	1	138181418	138320203	protein_coding
DEL00000051	1	157128047	157128111	ENSBTAG00000013806	EFHB	1	157125001	157190548	protein_coding
DEL00000053	2	672503	673750	ENSBTAG00000009831	OCA2	2	442135	705205	protein_coding
DEL00000059	2	7785363	7786351	ENSBTAG00000052454	U6	2	7786234	7786340	snRNA
DEL00000069	2	43268018	43269238	ENSBTAG00000012816	NA	2	43268213	43269180	pseudogene
DEL00000077	2	56225698	56227736	ENSBTAG00000024632	LRP1B	2	55584017	56790873	protein_coding
DEL00000081	2	64775108	64776430	ENSBTAG00000005238	NCKAP5	2	64157472	64872456	protein_coding
DEL00000093	2	90885132	90886535	ENSBTAG00000006420	BMPR2	2	90864689	91017391	protein_coding
DEL00000102	2	117785055	117787192	ENSBTAG00000049805	NA	2	117768790	117803788	protein_coding
DEL00000102	2	117785055	117787192	ENSBTAG00000039046	CD24	2	117785379	117787180	protein_coding
DEL00000104	2	121572658	121574312	ENSBTAG00000051364	NA	2	121569848	121575674	protein_coding
DEL00000113	3	12952473	12953559	ENSBTAG00000053098	NA	3	12902008	12991375	protein_coding
DEL00000151	3	104225691	104226685	ENSBTAG00000049296	NA	3	104109103	104325767	lncRNA
DEL00000166	4	28833344	28835834	ENSBTAG00000003751	MACC1	4	28790424	28886703	protein_coding
DEL00000169	4	36261172	36264401	ENSBTAG00000018133	SEMA3A	4	36254736	36631147	protein_coding
DEL00000181	4	69276558	69276869	ENSBTAG00000005650	SKAP2	4	69125496	69297030	protein_coding
DEL00000184	4	92735236	92736860	ENSBTAG00000016481	CALU	4	92719265	92744873	protein_coding
DEL00000189	4	105611624	105620534	ENSBTAG00000052008	NA	4	105612950	105623563	protein_coding
DEL00000194	4	105878986	105880903	ENSBTAG00000049004	NA	4	105880111	106056262	protein_coding
DEL00000245	5	51908263	51913770	ENSBTAG00000047818	TAFA2	5	51752422	51924620	protein_coding
DEL00000257	5	83097313	83098512	ENSBTAG00000002313	ITPR2	5	82983642	83572811	protein_coding
DEL00000268	5	101657103	101658587	ENSBTAG00000050124	NA	5	101637803	101679086	pseudogene
DEL00000268	5	101657103	101658587	ENSBTAG00000023635	CLEC6A	5	101642768	101659913	protein_coding
DEL00000291	6	5457237	5785589	ENSBTAG00000024888	PDE5A	6	5745779	5894011	protein_coding
DEL00000293	6	5792028	5794908	ENSBTAG00000024888	PDE5A	6	5745779	5894011	protein_coding
DEL00000302	6	23711021	23713833	ENSBTAG00000016005	PPP3CA	6	23444708	23767842	protein_coding
DEL00000332	6	79796530	79798096	ENSBTAG00000024826	TECRL	6	79787721	79930192	protein_coding
DEL00000339	6	92473004	92474541	ENSBTAG00000049571	CNOT6L	6	92412054	92527559	protein_coding
DEL00000361	7	10886003	10894553	ENSBTAG00000025908	NA	7	10869207	10960123	protein_coding
DEL00000370	7	26722503	26726363	ENSBTAG00000000329	MEGF10	7	26554784	26762374	protein_coding
DEL00000370	7	26722503	26726363	ENSBTAG00000050541	U6	7	26722503	26722609	snRNA
DEL00000385	7	65865515	65869425	ENSBTAG00000053039	NA	7	65822406	65924750	lncRNA
DEL00000392	7	80358257	80359517	ENSBTAG00000013880	WWC1	7	80336697	80493580	protein_coding
DEL00000393	7	93264893	93265871	ENSBTAG00000050195	FAM172A	7	93088059	93506932	protein_coding
DEL00000402	8	3539361	3545897	ENSBTAG00000048627	NA	8	3543571	3544678	protein_coding
DEL00000406	8	16008741	16010371	ENSBTAG00000018340	NA	8	16009426	16010079	protein_coding
DEL00000423	8	78931763	78940472	ENSBTAG00000001257	AGTPBP1	8	78856517	79055459	protein_coding
DEL00000425	8	80792243	80793474	ENSBTAG00000000738	DAPK1	8	80710910	80921735	protein_coding
DEL00000464	9	88859941	88865488	ENSBTAG00000007159	ESR1	9	88802742	89097095	protein_coding
DEL00000466	9	100491093	100492368	ENSBTAG00000007758	PDE10A	9	100469651	100729770	protein_coding
DEL00000472	10	7097164	7098271	ENSBTAG00000007114	POC5	10	7084931	7115694	protein_coding
DEL00000474	10	10531874	10532756	ENSBTAG00000025853	HOMER1	10	10413731	10546778	protein_coding
DEL00000476	10	17856443	17865056	ENSBTAG00000010944	LRRC49	10	17737186	17895044	protein_coding
DEL00000507	10	53290769	53294005	ENSBTAG00000053119	NA	10	53259635	53416873	protein_coding
DEL00000512	10	66117297	66119112	ENSBTAG00000051742	U6	10	66117297	66117403	snRNA
DEL00000518	10	85015548	85016875	ENSBTAG00000009788	NA	10	85013824	85030876	protein_coding
DEL00000519	10	86823861	86829680	ENSBTAG00000040078	FLVCR2	10	86764090	86898356	protein_coding
DEL00000521	10	95244575	95247386	ENSBTAG00000049950	NA	10	95245244	95246552	protein_coding
DEL00000554	11	67849204	67850173	ENSBTAG00000009343	AAK1	11	67828491	67990881	protein_coding
DEL00000555	11	69277415	69278479	ENSBTAG00000054158	LCLAT1	11	69223339	69424304	protein_coding
DEL00000557	11	82797252	82799048	ENSBTAG00000014081	NBAS	11	82736891	83207199	protein_coding
DEL00000558	11	82907990	82916500	ENSBTAG00000014081	NBAS	11	82736891	83207199	protein_coding
DEL00000558	11	82907990	82916500	ENSBTAG00000002045	PSMD13	11	82902339	82922670	protein_coding
DEL00000578	12	16255061	17231011	ENSBTAG00000007079	LCP1	12	16207287	16313140	protein_coding
DEL00000578	12	16255061	17231011	ENSBTAG00000015994	LRRC63	12	16313355	16346904	protein_coding
DEL00000578	12	16255061	17231011	ENSBTAG00000045156	NA	12	16334656	16334800	snoRNA
DEL00000578	12	16255061	17231011	ENSBTAG00000013371	RUBCNL	12	16369992	16408879	protein_coding
DEL00000578	12	16255061	17231011	ENSBTAG00000051092	bta-mir-2285o-1	12	16484898	16484979	miRNA
DEL00000578	12	16255061	17231011	ENSBTAG00000002959	LRCH1	12	16492597	16706784	protein_coding
DEL00000578	12	16255061	17231011	ENSBTAG00000003415	ESD	12	16723868	16741586	protein_coding
DEL00000578	12	16255061	17231011	ENSBTAG00000013498	HTR2A	12	16775264	16842147	protein_coding
DEL00000578	12	16255061	17231011	ENSBTAG00000052225	NA	12	16904675	17042676	lncRNA
DEL00000584	12	31164959	31168058	ENSBTAG00000001094	MTUS2	12	31001535	31388275	protein_coding
DEL00000610	12	67842139	67843597	ENSBTAG00000040347	GPC6	12	67702395	68209239	protein_coding
DEL00000624	13	1282480	1283801	ENSBTAG00000008338	PLCB1	13	933264	1794219	protein_coding
DEL00000625	13	1720607	1721982	ENSBTAG00000008338	PLCB1	13	933264	1794219	protein_coding
DEL00000632	13	34303478	34304499	ENSBTAG00000016294	ZNF438	13	34231654	34439280	protein_coding
DEL00000639	13	62805341	62807001	ENSBTAG00000031361	BPIFB5	13	62791793	62810151	protein_coding
DEL00000653	14	26745927	26751913	ENSBTAG00000052540	U6	14	26751681	26751787	snRNA
DEL00000667	14	51958739	51974356	ENSBTAG00000038281	CSMD3	14	50969629	52273953	protein_coding
DEL00000694	15	18073064	18075814	ENSBTAG00000054246	C11orf65	15	18014434	18089126	protein_coding
DEL00000694	15	18073064	18075814	ENSBTAG00000050466	NA	15	18073752	18074177	processed_pseudogene
DEL00000696	15	21797321	21797709	ENSBTAG00000034346	BTG4	15	21787553	21802341	protein_coding
DEL00000703	15	38527417	38528302	ENSBTAG00000009150	SPON1	15	38457984	38773001	protein_coding
DEL00000722	15	57004254	57005646	ENSBTAG00000021855	ANO3	15	56896688	57352721	protein_coding
DEL00000724	15	64074732	64081245	ENSBTAG00000012846	KIAA1549L	15	63989009	64306981	protein_coding
DEL00000758	16	27811355	27818492	ENSBTAG00000053199	CNIH3	16	27719211	27876561	protein_coding
DEL00000775	17	4878485	4884083	ENSBTAG00000008438	ARFIP1	17	4727646	4887492	protein_coding
DEL00000788	17	35461020	35463584	ENSBTAG00000048798	NA	17	35321748	35476298	protein_coding
DEL00000804	18	10523819	10524744	ENSBTAG00000049788	WFDC1	18	10520491	10581675	protein_coding
DEL00000830	18	61240109	61242143	ENSBTAG00000014328	MGC138914	18	61238819	61255678	protein_coding
DEL00000835	18	62700616	62724341	ENSBTAG00000047270	NA	18	62714565	62722641	protein_coding
DEL00000865	20	2880487	2883804	ENSBTAG00000024801	RANBP17	20	2765576	3149145	protein_coding
DEL00000870	20	18362301	18364531	ENSBTAG00000021607	NDUFAF2	20	18210359	18370943	protein_coding
DEL00000875	20	32704217	32713090	ENSBTAG00000033186	OXCT1	20	32667447	32834933	protein_coding
DEL00000876	20	33162693	33164735	ENSBTAG00000010822	PLCXD3	20	33016045	33218726	protein_coding
DEL00000936	21	35210247	35212170	ENSBTAG00000021291	STXBP6	21	35027776	35267297	protein_coding
DEL00000981	23	25999705	26432535	ENSBTAG00000026163	NA	23	25969346	26113857	protein_coding
DEL00000985	23	26024163	26051362	ENSBTAG00000026163	NA	23	25969346	26113857	protein_coding
DEL00000995	23	26112752	26327610	ENSBTAG00000026163	NA	23	25969346	26113857	protein_coding
DEL00000981	23	25999705	26432535	ENSBTAG00000050817	NA	23	26167597	26168271	protein_coding
DEL00000995	23	26112752	26327610	ENSBTAG00000050817	NA	23	26167597	26168271	protein_coding
DEL00001018	23	30396813	30401596	ENSBTAG00000046573	PGBD1	23	30390348	30412787	protein_coding
DEL00001018	23	30396813	30401596	ENSBTAG00000045403	NA	23	30401490	30401566	snoRNA
DEL00001022	23	37724851	37727610	ENSBTAG00000016519	MBOAT1	23	37723596	37834307	protein_coding
DEL00001046	24	37365437	37366716	ENSBTAG00000019585	MYOM1	24	37255784	37379159	protein_coding
DEL00001055	25	7504	11163	ENSBTAG00000048872	5S_rRNA	25	9468	9587	rRNA
DEL00001064	25	20296633	20298030	ENSBTAG00000052716	NA	25	20274112	20355044	lncRNA
DEL00001071	25	37001154	37002527	ENSBTAG00000044040	PDAP1	25	36994695	37003146	protein_coding
DEL00001078	26	17576404	17585071	ENSBTAG00000021358	BLNK	26	17515994	17644805	protein_coding
DEL00001081	26	26159826	26162991	ENSBTAG00000004612	SORCS3	26	25203123	26181296	protein_coding
DEL00001082	26	26178895	26179845	ENSBTAG00000004612	SORCS3	26	25203123	26181296	protein_coding
DEL00001106	27	6387928	7237914	ENSBTAG00000051796	NA	27	6402839	6407152	protein_coding
DEL00001106	27	6387928	7237914	ENSBTAG00000052422	NA	27	6432007	6503305	protein_coding
DEL00001106	27	6387928	7237914	ENSBTAG00000050419	NA	27	6432444	6433381	protein_coding
DEL00001106	27	6387928	7237914	ENSBTAG00000023157	NA	27	6475376	6477354	protein_coding
DEL00001106	27	6387928	7237914	ENSBTAG00000049025	NA	27	6511471	6511939	protein_coding
DEL00001106	27	6387928	7237914	ENSBTAG00000053555	NA	27	6568466	6568934	protein_coding
DEL00001106	27	6387928	7237914	ENSBTAG00000053327	NA	27	6576606	6577718	protein_coding
DEL00001106	27	6387928	7237914	ENSBTAG00000048737	DEFB10	27	6596422	6598413	protein_coding
DEL00001106	27	6387928	7237914	ENSBTAG00000053326	NA	27	6610757	6610927	protein_coding
DEL00001106	27	6387928	7237914	ENSBTAG00000050575	NA	27	6640557	6642230	protein_coding
DEL00001106	27	6387928	7237914	ENSBTAG00000051383	DEFB7	27	6676076	6678281	protein_coding
DEL00001106	27	6387928	7237914	ENSBTAG00000052312	DEFB1	27	6721625	6723684	protein_coding
DEL00001106	27	6387928	7237914	ENSBTAG00000050693	NA	27	6733857	6734326	protein_coding
DEL00001106	27	6387928	7237914	ENSBTAG00000052384	NA	27	6764467	6773396	protein_coding
DEL00001106	27	6387928	7237914	ENSBTAG00000050605	NA	27	6840547	6841492	protein_coding
DEL00001106	27	6387928	7237914	ENSBTAG00000053456	NA	27	6855327	6856946	protein_coding
DEL00001106	27	6387928	7237914	ENSBTAG00000053405	NA	27	6895181	6897002	protein_coding
DEL00001106	27	6387928	7237914	ENSBTAG00000049891	NA	27	6933034	6937656	protein_coding
DEL00001106	27	6387928	7237914	ENSBTAG00000045649	DEFB	27	6956381	6964235	protein_coding
DEL00001106	27	6387928	7237914	ENSBTAG00000051241	NA	27	6962171	6964146	protein_coding
DEL00001106	27	6387928	7237914	ENSBTAG00000050893	NA	27	6999901	7002317	pseudogene
DEL00001106	27	6387928	7237914	ENSBTAG00000049265	NA	27	7049840	7051263	protein_coding
DEL00001106	27	6387928	7237914	ENSBTAG00000051016	NA	27	7110505	7110973	protein_coding
DEL00001106	27	6387928	7237914	ENSBTAG00000053557	DEFB4A	27	7138873	7140876	protein_coding
DEL00001106	27	6387928	7237914	ENSBTAG00000033545	EBD	27	7165176	7180420	protein_coding
DEL00001106	27	6387928	7237914	ENSBTAG00000053028	NA	27	7197805	7208759	lncRNA
DEL00001106	27	6387928	7237914	ENSBTAG00000053057	NA	27	7220613	7228081	protein_coding
DEL00001110	27	17339085	17339329	ENSBTAG00000049149	NA	27	17260791	17397347	lncRNA
DEL00001110	27	17339085	17339329	ENSBTAG00000050100	U3	27	17339095	17339310	snoRNA
DEL00001110	27	17339085	17339329	ENSBTAG00000048483	NA	27	17339095	17339311	snoRNA
DEL00001145	28	6223999	6224095	ENSBTAG00000021183	MAP3K21	28	6201972	6259932	protein_coding
DEL00001159	29	5525613	5612274	ENSBTAG00000048894	NA	29	5537527	5539730	protein_coding
DEL00001159	29	5525613	5612274	ENSBTAG00000049159	NA	29	5556596	5556937	protein_coding
DEL00001159	29	5525613	5612274	ENSBTAG00000053592	U6	29	5565467	5565575	snRNA
DEL00001159	29	5525613	5612274	ENSBTAG00000051846	NA	29	5581142	5585730	protein_coding
DEL00001164	29	10284407	10287625	ENSBTAG00000053418	NA	29	10254665	10436555	protein_coding
DEL00001184	29	27615621	27618712	ENSBTAG00000048689	NA	29	27602033	27622352	protein_coding
DEL00001202	X	5096136	5096593	ENSBTAG00000018569	CUL4B	X	5084763	5130143	protein_coding
DEL00001230	X	35333606	35333730	ENSBTAG00000049615	VAMP7	X	35327209	35357068	protein_coding
DEL00001241	X	49383818	49385138	ENSBTAG00000014169	PCDH19	X	49303935	49430984	protein_coding
DEL00001356	NKLS02000910.1	102787	104955	ENSBTAG00000045751	NA	NKLS02000910.1	1512	147533	protein_coding
DEL00001367	NKLS02001139.1	155498	158757	ENSBTAG00000034145	NA	NKLS02001139.1	131711	180302	protein_coding
DEL00001440	NKLS02001383.1	46835	49511	ENSBTAG00000034176	NA	NKLS02001383.1	32563	57955	protein_coding
