SV_ID	CHR	DUP_start	DUP_end	QTL_chr	QTL_start	QTL_end	QTL_type	QTL_ID	trait_ID	Name	pubmed_id
DUP00000253	6	5432986	5800660	6	5785623	5785627	Reproduction	177006	holstein	Conception rate	31299913
DUP00000253	6	5432986	5800660	6	5680631	5680635	Exterior	41825	holstein	Foot angle	21831322
DUP00000253	6	5432986	5800660	6	5680631	5680635	Milk	41826	holstein	Milk fat percentage	21831322
DUP00000253	6	5432986	5800660	6	5680631	5680635	Milk	41827	holstein	Milk fat yield	21831322
DUP00000253	6	5432986	5800660	6	5680631	5680635	Milk	41828	holstein	Milk yield	21831322
DUP00000253	6	5432986	5800660	6	5680631	5680635	Production	41829	holstein	Net merit	21831322
DUP00000253	6	5432986	5800660	6	5680631	5680635	Production	41830	holstein	Length of productive life	21831322
DUP00000253	6	5432986	5800660	6	5680631	5680635	Milk	41831	holstein	Milk protein percentage	21831322
DUP00000253	6	5432986	5800660	6	5680631	5680635	Milk	41832	holstein	Milk protein yield	21831322
DUP00000253	6	5432986	5800660	6	5680631	5680635	Exterior	41833	holstein	Rear leg placement - side view	21831322
DUP00000253	6	5432986	5800660	6	5680631	5680635	Reproduction	41834	holstein	Calving ease	21831322
DUP00000253	6	5432986	5800660	6	5681470	5681474	Milk	64018	holstein	Milk riboflavin content	25771056
DUP00000253	6	5432986	5800660	6	5689562	5689566	Milk	64019	holstein	Milk riboflavin content	25771056
DUP00000253	6	5432986	5800660	6	5768623	5768627	Reproduction	30004	brahman	Interval to first estrus after calving	22100599
DUP00000825	17	69569684	69572345	17	69571678	69571682	Reproduction	140648	brown swiss	Non-return rate	29178833
DUP00000919	20	51838802	52373589	20	51887087	51887091	Health	16041		Infectious bovine keratoconjunctivitis susceptibility	20665291
DUP00001269	X	84573999	84673464	X	84585683	84585687	Reproduction	87790	Tropical Composite	Age at puberty	23785023
DUP00001269	X	84573999	84673464	X	84585683	84585687	Reproduction	75723	Tropical Composite	Scrotal circumference	23785023
DUP00001269	X	84573999	84673464	X	84590908	84590912	Reproduction	75724	Tropical Composite	Scrotal circumference	23785023
DUP00001269	X	84573999	84673464	X	84596726	84596730	Reproduction	75725	Tropical Composite	Scrotal circumference	23785023
DUP00001269	X	84573999	84673464	X	84594729	84594733	Reproduction	76786	Tropical Composite	Scrotal circumference	23785023
DUP00001269	X	84573999	84673464	X	84594729	84594733	Reproduction	84012	Tropical Composite	Percentage normal sperm	23785023
DUP00001269	X	84573999	84673464	X	84590908	84590912	Reproduction	87791	Tropical Composite	Age at puberty	23785023
DUP00001269	X	84573999	84673464	X	84596726	84596730	Reproduction	87792	Tropical Composite	Age at puberty	23785023
DUP00001269	X	84573999	84673464	X	84594729	84594733	Reproduction	89195	Tropical Composite	Age at puberty	23785023
DUP00001290	X	133620226	133661423	X	133636739	133636743	Production	25021	holstein,jersey	Length of productive life	24456127
