SV_ID	Genes	Exons	Transcipts	Rest_of_ann	Regulatory_regions	Ensembl_SVs	estd223	estd234	nstd56	nstd61	nstd69	nstd135
BND00001379	1	0	9	0	1	5	9	0	2	2	3	0
BND00001687	1	0	1	0	1	27	6	0	0	0	0	0
BND00002446	1	2	1	6	1	66	92	0	10	4	4	0
BND00003468	1	0	9	0	1	5	2	0	0	0	0	0
BND00003967	1	0	6	0	1	5	0	0	0	0	1	0
BND00004350	1	0	4	0	1	0	1	0	0	0	0	0
BND00004601	1	0	1	0	1	5	0	0	0	2	0	0
BND00006160	1	0	4	0	1	2	0	0	0	0	0	0
BND00006478	1	3	1	7	1	8	0	0	0	0	0	0
BND00006863	2	0	2	0	0	0	0	0	0	0	0	0
DEL00000018	1	0	2	0	1	0	0	0	0	0	0	0
DEL00000034	1	0	42	0	1	4	0	0	0	0	0	0
DEL00000035	1	0	25	0	1	4	0	0	0	0	0	0
DEL00000073	1	0	1	0	1	14	0	0	0	0	0	0
DEL00000103	1	0	4	0	1	27	0	0	0	8	0	0
DEL00000109	1	6	1	14	1	19	0	0	0	0	0	0
DEL00000110	1	6	1	14	1	19	0	0	0	0	0	0
DEL00000132	1	10	1	12	1	21	0	0	0	0	0	0
DEL00000159	1	0	30	0	1	27	0	0	0	0	0	0
DEL00000169	1	0	4	0	1	29	2	0	0	0	0	0
DEL00000174	1	0	4	0	1	26	1	0	0	0	0	0
DEL00000176	1	0	25	0	1	28	1	2	0	0	0	0
DEL00000177	1	0	1	0	1	26	1	0	0	0	0	0
DEL00000179	1	0	4	0	1	26	0	0	0	0	0	0
DEL00000180	1	0	1	0	1	25	0	0	0	0	0	0
DEL00000184	1	0	1	0	1	27	0	0	0	0	0	0
DEL00000185	1	45	9	66	52	25	0	0	0	0	0	0
DEL00000197	1	0	1	0	1	25	0	0	0	0	0	0
DEL00000203	1	0	9	0	1	29	0	2	0	0	0	0
DEL00000207	1	0	1	0	1	26	1	0	0	0	0	0
DEL00000210	1	0	16	0	1	25	0	0	0	0	0	0
DEL00000214	1	0	25	0	1	25	0	0	0	0	0	0
DEL00000221	1	0	1	0	1	29	0	0	0	0	0	0
DEL00000233	1	0	1	0	1	27	0	0	0	0	0	0
DEL00000234	1	0	1	0	1	26	0	0	0	0	0	0
DEL00000239	1	0	1	0	1	26	0	0	0	0	0	0
DEL00000250	1	0	1	0	1	26	0	0	0	0	0	1
DEL00000258	1	0	1	0	1	25	0	0	0	0	0	0
DEL00000260	1	0	1	0	1	25	0	0	0	0	0	0
DEL00000263	1	0	9	0	1	29	0	0	0	0	0	0
DEL00000267	1	0	1	0	1	26	0	0	0	4	0	0
DEL00000269	1	0	1	0	1	22	0	0	0	0	0	0
DEL00000274	1	0	1	0	1	22	0	0	0	0	0	0
DEL00000284	1	0	1	0	1	11	2	0	0	0	0	0
DEL00000287	1	0	1	0	1	14	2	0	0	0	0	0
DEL00000294	1	0	1	0	1	10	0	0	0	0	0	0
DEL00000302	1	0	1	0	2	7	0	0	0	0	0	0
DEL00000309	1	0	1	0	1	4	0	0	0	0	0	0
DEL00000312	1	0	1	0	1	0	0	0	0	0	0	0
DEL00000314	1	0	4	0	1	0	0	0	0	0	0	0
DEL00000322	1	0	1	0	1	0	0	0	0	0	0	0
DEL00000324	1	0	49	0	1	2	1	0	0	0	0	0
DEL00000326	1	0	4	0	1	1	0	0	0	0	0	0
DEL00000328	1	1	1	0	1	3	0	0	0	2	0	0
DEL00000361	1	0	4	0	1	9	0	0	0	0	0	0
DEL00000362	1	0	20	0	1	9	0	0	0	0	0	0
DEL00000363	1	0	9	0	1	15	0	0	0	0	0	0
DEL00000370	1	0	2	0	1	12	0	0	0	3	0	0
DEL00000375	1	0	36	0	1	10	0	0	0	0	0	0
DEL00000382	1	0	6	0	1	10	0	0	0	0	0	0
DEL00000407	1	0	100	0	1	16	0	0	0	3	0	0
DEL00000410	1	0	100	0	1	10	0	0	0	0	0	0
DEL00000414	1	0	35	0	1	9	0	0	0	0	0	0
DEL00000415	1	0	35	0	1	9	0	0	0	0	0	0
DEL00000430	1	0	1	0	1	7	0	0	0	0	0	0
DEL00000432	1	2	1	5	1	7	0	0	0	0	0	0
DEL00000440	1	0	25	0	1	7	0	0	0	0	0	0
DEL00000461	1	0	4	0	1	3	0	0	0	0	0	0
DEL00000468	1	0	9	0	1	1	0	0	0	0	0	0
DEL00000471	1	0	1	0	1	2	0	0	0	0	0	0
DEL00000473	1	0	1	0	1	2	0	0	0	0	0	0
DEL00000480	1	0	1	0	1	6	0	0	0	0	0	0
DEL00000485	1	0	1	0	1	2	0	0	0	0	0	0
DEL00000490	1	0	1	0	1	4	1	0	0	0	0	0
DEL00000494	1	0	4	0	1	4	1	0	0	0	0	0
DEL00000501	1	3	1	8	1	3	0	0	0	0	0	0
DEL00000503	1	0	1	0	1	3	0	0	0	0	0	0
DEL00000539	1	0	1	0	1	4	0	0	0	0	0	0
DEL00000564	1	0	4	0	1	10	0	0	0	4	7	0
DEL00000568	1	0	9	0	1	4	0	0	0	0	0	0
DEL00000574	1	0	4	0	1	11	0	0	0	0	0	2
DEL00000635	1	0	2	0	1	5	0	0	0	0	0	0
DEL00000639	1	0	1	0	2	5	0	0	0	0	0	0
DEL00000643	2	1	5	9	1	5	0	0	0	0	0	0
DEL00000645	1	0	4	0	1	5	0	0	0	0	0	0
DEL00000646	1	0	1	0	1	5	0	0	0	0	0	0
DEL00000647	1	0	30	0	1	5	0	0	0	0	0	0
DEL00000669	1	0	1	0	1	5	0	0	0	0	0	0
DEL00000680	1	0	4	0	1	5	0	0	0	0	0	0
DEL00000715	1	0	56	0	1	9	0	0	0	0	0	0
DEL00000716	1	1	1	16	2	9	0	0	0	0	0	0
DEL00000721	1	0	20	0	1	9	0	0	0	2	0	0
DEL00000724	1	0	4	0	1	9	0	0	0	0	0	0
DEL00000725	1	0	4	0	1	9	0	0	0	0	0	0
DEL00000728	1	0	4	0	1	9	0	0	0	0	0	0
DEL00000730	1	0	16	0	1	11	0	0	0	0	0	0
DEL00000735	1	0	1	0	1	9	0	0	0	0	0	0
DEL00000738	1	0	64	0	1	9	0	0	0	0	0	0
DEL00000743	1	0	1	0	1	9	0	0	0	0	0	0
DEL00000744	1	0	1	0	1	7	0	0	0	0	0	0
DEL00000776	1	0	36	0	1	0	0	0	0	0	0	0
DEL00000782	1	0	25	0	1	4	0	0	0	0	0	0
DEL00000783	1	0	4	0	1	2	0	2	0	0	0	0
DEL00000784	1	0	6	0	1	0	0	0	0	0	0	0
DEL00000816	1	0	4	0	1	3	0	0	0	0	0	0
DEL00000820	1	0	9	0	1	7	0	0	0	0	0	0
DEL00000822	1	0	1	0	1	7	0	2	0	0	0	0
DEL00000828	1	0	9	0	1	8	0	0	0	0	0	0
DEL00000853	1	0	2	0	1	10	0	2	0	0	0	0
DEL00000854	1	0	9	0	1	8	0	0	0	0	0	0
DEL00000856	1	0	4	0	1	10	0	0	0	0	0	0
DEL00000859	1	0	6	0	3	11	0	0	0	0	0	0
DEL00000863	1	0	3	0	1	9	0	0	0	0	0	0
DEL00000884	1	0	16	0	1	7	0	0	0	0	0	0
DEL00000894	1	0	1	0	1	7	0	0	0	0	0	0
DEL00000897	2	0	13	0	1	6	1	0	0	0	0	0
DEL00000901	1	0	36	0	3	6	0	0	0	0	0	0
DEL00000919	1	0	20	0	1	6	0	0	0	0	0	0
DEL00000920	1	0	25	0	1	6	0	0	0	0	0	0
DEL00000931	1	0	1	0	1	6	1	0	0	0	0	0
DEL00000939	1	0	2	0	1	5	0	0	0	0	0	0
DEL00000941	1	0	4	0	1	8	0	4	0	0	0	0
DEL00000948	1	0	25	0	1	4	0	0	0	2	0	0
DEL00000949	1	0	4	0	1	4	0	0	0	0	0	0
DEL00000950	1	0	9	0	1	4	0	2	0	0	0	0
DEL00000955	1	0	1	0	1	2	0	0	0	0	0	0
DEL00000956	1	0	1	0	1	6	0	0	0	0	0	0
DEL00000964	2	0	7	0	1	4	0	0	0	0	0	0
DEL00000965	1	0	1	0	1	4	0	0	0	0	0	0
DEL00000966	1	0	1	0	1	4	0	0	0	0	0	0
DEL00000977	1	0	10	0	1	4	0	0	0	0	0	0
DEL00001034	1	0	6	0	1	4	0	0	0	0	0	0
DEL00001061	1	0	16	0	1	0	0	0	0	0	0	0
DEL00001088	1	0	9	0	1	6	0	0	0	0	0	0
DEL00001090	1	0	9	0	1	6	0	0	0	0	0	0
DEL00001096	1	0	12	0	1	6	0	0	0	0	0	0
DEL00001098	1	8	1	16	1	6	0	0	0	0	0	0
DEL00001126	1	0	40	0	1	6	0	0	0	0	0	0
DEL00001128	1	0	9	0	1	6	0	0	0	0	0	0
DEL00001130	1	803	36	1674	9	6	0	0	0	0	0	0
DEL00001132	2	512	37	651	1	6	0	0	0	0	0	0
DEL00001143	1	0	1	0	1	5	0	0	0	0	0	0
DEL00001148	1	0	4	0	1	6	0	0	0	0	0	0
DEL00001149	1	0	4	0	1	6	0	0	0	0	0	0
DEL00001153	1	0	1	0	1	6	0	0	0	0	0	0
DEL00001181	1	0	9	0	1	12	0	0	0	2	0	0
DEL00001220	1	0	36	0	3	12	0	0	0	0	0	0
DEL00001223	1	0	1	0	1	12	0	0	0	0	0	0
DEL00001228	1	0	1	0	1	16	0	2	0	0	0	0
DEL00001229	1	0	1	0	1	14	0	0	0	0	0	0
DEL00001231	2	1	2	0	1	14	0	0	0	0	0	0
DEL00001240	1	0	16	0	1	8	0	0	0	0	0	0
DEL00001246	1	0	25	0	1	4	0	0	0	0	0	0
DEL00001251	1	0	4	0	1	4	0	0	0	0	0	0
DEL00001254	1	0	4	0	1	4	0	0	0	0	0	0
DEL00001272	1	0	1	0	1	7	2	2	0	0	0	0
DEL00001273	1	0	1	0	1	5	2	0	0	0	0	0
DEL00001274	1	0	1	0	1	5	2	0	0	0	0	0
DEL00001276	1	0	1	0	1	5	2	0	0	0	0	0
DEL00001299	1	0	4	0	1	0	0	0	0	0	0	0
DEL00001300	1	0	100	0	1	0	0	0	0	0	0	0
DEL00001302	2	28	5	0	1	0	0	0	0	0	0	0
DEL00001303	1	0	2	0	1	0	0	0	0	0	0	0
DEL00001339	1	38	4	54	1	0	0	0	0	0	0	0
DEL00001340	1	0	12	0	1	0	0	0	0	0	0	0
DEL00001348	1	0	4	0	2	3	0	0	0	0	0	0
DEL00001361	1	0	1	0	1	1	1	0	0	0	0	0
DEL00001428	1	0	4	0	1	16	0	0	0	0	0	0
DEL00001432	1	0	1	0	1	17	0	0	0	0	0	0
DEL00001445	1	0	6	0	1	17	0	0	0	0	0	0
DEL00001449	1	0	1	0	2	15	0	0	0	0	0	0
DEL00001450	1	0	1	0	1	15	0	0	0	0	0	0
DEL00001465	1	0	3	0	1	15	1	0	0	0	0	0
DEL00001466	1	0	3	0	1	13	1	0	0	0	0	0
DEL00001469	1	0	4	0	1	13	1	0	0	2	0	0
DEL00001502	1	1	1	0	1	13	0	0	0	0	0	0
DEL00001532	1	0	2	0	1	8	0	0	0	0	0	0
DEL00001536	1	0	1	0	1	8	0	0	0	0	0	0
DEL00001561	1	0	4	0	1	1	0	0	0	0	0	0
DEL00001564	1	0	100	0	1	1	0	0	0	0	0	0
DEL00001573	1	0	1	0	1	3	0	0	0	0	0	0
DEL00001579	1	80	4	112	1	3	0	0	0	0	0	0
DEL00001587	1	0	6	0	1	3	0	0	0	0	0	0
DEL00001590	1	0	4	0	1	5	0	0	0	0	0	0
DEL00001601	2	0	2	0	1	5	0	0	0	2	0	0
DEL00001603	1	0	1	0	1	2	0	2	0	0	0	0
DEL00001606	1	0	1	0	2	0	0	0	0	0	0	0
DEL00001609	1	11	1	45	4	0	0	0	0	0	0	0
DEL00001610	1	0	4	0	1	0	0	0	0	0	0	0
DEL00001623	1	0	9	0	1	0	0	2	0	0	0	0
DEL00001625	1	0	2	0	1	0	0	0	0	0	0	0
DEL00001627	1	0	12	0	1	2	0	0	0	0	0	2
DEL00001629	1	0	4	0	1	0	4	0	0	0	0	0
DEL00001680	1	1	1	0	1	26	0	0	0	0	0	0
DEL00001714	1	0	1	0	1	29	0	2	0	0	0	0
DEL00001717	1	0	1	0	4	27	0	0	0	0	0	0
DEL00001748	1	0	1	0	1	18	0	0	0	0	0	0
DEL00001766	1	0	1	0	1	14	0	0	0	0	0	0
DEL00001801	1	14	1	22	1	9	0	0	0	0	0	0
DEL00001802	1	7	1	11	1	9	0	0	0	0	0	0
DEL00001805	1	0	1	0	1	13	0	0	0	0	0	0
DEL00001836	1	0	4	0	1	17	0	2	0	0	0	0
DEL00001838	1	0	1	0	1	15	0	0	0	0	0	0
DEL00001856	1	0	4	0	1	14	0	0	0	0	0	0
DEL00001858	1	0	25	0	1	14	0	0	0	0	0	0
DEL00001862	1	0	4	0	1	14	0	2	0	0	0	0
DEL00001865	1	0	9	0	1	11	0	0	0	0	0	0
DEL00001886	1	0	25	0	1	2	0	0	0	0	0	0
DEL00001913	1	0	1	0	1	1	0	0	0	0	0	0
DEL00001919	1	25	15	43	1	9	0	0	0	0	6	0
DEL00001920	1	0	4	0	1	3	0	0	0	0	0	0
DEL00001941	1	0	25	0	1	10	1	2	0	0	0	0
DEL00001976	1	0	1	0	1	7	0	0	0	0	0	0
DEL00001980	1	0	2	0	1	7	0	0	0	0	0	0
DEL00001988	1	1	1	0	1	7	0	0	0	0	0	0
DEL00002004	1	0	4	0	1	11	0	0	0	0	0	0
DEL00002008	1	0	3	0	1	11	0	0	0	0	0	0
DEL00002018	1	0	1	0	1	9	0	0	0	0	0	0
DEL00002027	1	0	4	0	1	11	0	0	0	0	2	0
DEL00002047	1	76	4	100	1	9	0	0	0	0	0	0
DEL00002049	1	76	4	100	1	9	0	0	0	0	0	0
DEL00002050	1	76	4	100	2	9	0	0	0	0	0	0
DEL00002052	1	76	4	100	2	9	0	0	0	0	0	0
DEL00002053	1	76	4	100	1	9	0	0	0	0	0	0
DEL00002054	1	0	1	0	1	9	0	0	0	0	0	0
DEL00002059	1	0	16	0	1	9	0	0	0	0	0	0
DEL00002072	1	0	1	0	1	9	0	0	0	0	0	0
DEL00002085	1	0	16	0	1	5	0	0	0	0	0	0
DEL00002088	1	0	16	0	1	6	1	0	0	0	0	0
DEL00002100	1	0	1	0	1	4	0	0	0	0	0	0
DEL00002104	1	0	1	0	1	4	0	0	0	0	0	0
DEL00002105	1	0	1	0	1	4	0	0	0	0	0	0
DEL00002121	1	0	4	0	1	4	0	0	0	0	0	0
DEL00002133	1	0	49	0	1	4	0	0	0	0	0	0
DEL00002148	1	0	1	0	1	0	0	0	0	0	0	0
DEL00002197	1	0	70	0	1	11	6	0	0	0	0	0
DEL00002212	1	0	1	0	1	8	0	0	0	0	0	0
DEL00002218	1	0	9	0	1	6	0	0	0	0	0	0
DEL00002219	1	0	1	0	1	5	0	0	0	0	0	0
DEL00002222	1	0	16	0	1	10	0	2	0	0	0	0
DEL00002232	1	492	18	528	1	5	0	0	0	0	0	0
DEL00002233	1	492	18	528	1	5	0	0	0	0	0	0
DEL00002234	1	984	18	1056	1	5	0	0	0	0	0	0
DEL00002272	1	0	1	0	1	3	0	0	0	0	0	0
DEL00002282	1	0	3	0	1	14	4	2	0	0	0	0
DEL00002289	1	0	1	0	1	6	0	0	0	0	0	0
DEL00002290	1	0	9	0	1	8	0	2	0	0	0	0
DEL00002291	1	0	1	0	1	6	0	0	0	0	0	0
DEL00002299	1	0	30	0	1	6	0	0	0	0	0	0
DEL00002300	1	0	4	0	1	6	0	0	0	0	0	0
DEL00002310	1	0	4	0	1	7	0	0	0	0	0	0
DEL00002335	1	0	4	0	1	6	0	0	0	0	0	0
DEL00002346	1	0	1	0	1	2	0	0	0	0	0	0
DEL00002355	1	0	49	0	1	2	0	2	0	0	0	0
DEL00002356	1	0	49	0	1	2	0	2	0	0	0	0
DEL00002359	1	0	2	0	1	0	0	0	0	0	0	0
DEL00002371	1	0	4	0	1	1	2	0	0	0	0	0
DEL00002372	1	0	24	0	1	1	2	0	0	0	0	0
DEL00002374	1	0	64	0	2	1	2	0	0	0	0	0
DEL00002388	1	0	6	0	1	3	0	0	0	0	0	0
DEL00002395	1	0	1	0	1	3	0	0	0	0	0	0
DEL00002403	1	0	1	0	1	9	0	0	0	2	0	0
DEL00002404	1	0	9	0	1	7	0	0	0	0	0	0
DEL00002405	1	0	25	0	2	7	0	0	0	0	0	0
DEL00002408	1	0	9	0	1	9	0	0	0	0	0	0
DEL00002409	1	0	1	0	1	9	0	0	0	0	0	0
DEL00002412	1	0	16	0	1	9	0	0	0	0	0	0
DEL00002418	1	0	1	0	1	8	0	0	0	0	0	0
DEL00002421	2	0	3	0	1	8	0	0	0	0	0	0
DEL00002423	1	80	16	120	1	8	0	0	0	0	0	0
DEL00002424	1	0	16	0	1	8	0	0	0	0	0	0
DEL00002594	1	0	1	0	1	40	0	0	0	6	1	0
DEL00002602	1	0	1	0	2	34	0	0	0	0	0	0
DEL00002604	1	0	4	0	1	34	0	0	0	0	0	0
DEL00002614	1	0	1	0	1	29	0	0	0	0	0	0
DEL00002647	1	0	9	0	1	25	0	0	0	0	0	0
DEL00002658	1	0	1	0	1	18	0	0	0	0	0	0
DEL00002659	1	0	1	0	1	18	2	2	0	0	0	0
DEL00002663	1	0	1	0	1	23	0	2	0	2	0	0
DEL00002667	1	0	1	0	1	17	0	0	0	0	0	0
DEL00002691	1	0	1	0	1	12	0	0	0	0	0	0
DEL00002692	1	0	9	0	1	11	0	0	0	0	0	0
DEL00002696	1	0	1	0	1	11	0	0	0	0	0	0
DEL00002697	1	0	4	0	1	11	0	0	0	0	0	0
DEL00002702	1	0	9	0	1	9	0	0	0	0	0	0
DEL00002708	2	1	2	0	1	5	0	0	0	0	0	0
DEL00002709	1	0	16	0	1	5	0	0	0	0	0	0
DEL00002717	1	0	1	0	1	3	0	0	0	0	0	0
DEL00002721	1	0	9	0	1	3	0	0	0	0	0	0
DEL00002746	1	0	81	0	1	2	1	0	0	0	0	0
DEL00002760	1	0	18	0	1	2	0	0	0	0	0	0
DEL00002775	1	0	1	0	1	4	0	0	0	0	0	0
DEL00002789	1	0	1	0	1	7	2	0	0	0	0	0
DEL00002806	1	0	4	0	1	10	4	0	0	0	0	0
DEL00002808	1	0	4	0	2	9	3	0	0	0	0	0
DEL00002811	1	0	9	0	1	9	1	0	0	0	0	0
DEL00002826	1	0	2	0	1	8	1	0	0	0	0	0
DEL00002839	1	0	9	0	1	5	0	2	0	0	0	0
DEL00002841	1	0	9	0	1	3	0	0	0	0	0	0
DEL00002871	1	0	9	0	1	1	0	0	0	0	0	0
DEL00002890	1	0	2	0	1	3	0	0	0	0	0	0
DEL00002891	1	0	2	0	1	3	0	0	0	0	0	0
DEL00002892	1	0	2	0	1	3	0	0	0	0	0	0
DEL00002893	1	0	2	0	1	3	0	0	0	0	0	0
DEL00002905	1	0	9	0	1	5	0	0	0	0	0	2
DEL00002921	1	0	9	0	1	1	0	0	0	0	0	0
DEL00002947	1	0	4	0	1	8	0	2	0	0	0	0
DEL00002991	1	0	4	0	1	8	0	0	0	0	0	0
DEL00003013	1	1	1	0	1	7	0	0	0	0	0	0
DEL00003018	1	0	9	0	1	11	0	2	0	0	0	0
DEL00003032	1	0	1	0	1	10	0	0	0	0	0	0
DEL00003043	1	0	1	0	1	11	0	0	0	0	0	0
DEL00003046	1	0	6	0	1	13	0	0	0	0	0	0
DEL00003059	1	1	1	0	1	13	0	0	0	0	0	0
DEL00003062	1	0	9	0	1	15	0	0	0	0	0	0
DEL00003086	1	0	1	0	1	16	0	0	0	0	0	0
DEL00003087	1	0	1	0	1	17	1	0	0	0	0	0
DEL00003164	1	0	1	0	1	20	0	0	0	0	0	0
DEL00003173	1	0	1	0	1	42	31	4	0	0	6	3
DEL00003193	1	0	1	0	1	35	117	0	0	0	0	0
DEL00003208	1	0	4	0	1	7	74	4	3	0	0	0
DEL00003212	1	0	4	0	1	4	0	0	0	0	0	0
DEL00003214	1	0	36	0	1	1	0	0	0	0	0	0
DEL00003241	1	0	4	0	1	0	0	0	0	0	0	0
DEL00003289	1	0	1	0	1	0	0	0	0	0	0	0
DEL00003293	1	0	6	0	1	0	0	0	0	0	0	0
DEL00003297	1	0	1	0	1	2	0	0	0	0	0	0
DEL00003309	1	0	1	0	1	4	0	0	0	0	0	0
DEL00003316	1	0	80	0	1	2	0	0	0	0	0	0
DEL00003317	1	0	10	0	1	2	0	0	0	0	0	0
DEL00003326	1	1	1	9	1	0	2	0	0	0	0	0
DEL00003328	1	0	1	0	1	2	0	0	0	0	0	0
DEL00003334	1	0	2	0	1	2	0	0	0	0	0	0
DEL00003340	1	0	1	0	1	0	0	0	0	0	0	0
DEL00003362	1	0	9	0	1	1	0	0	0	0	0	0
DEL00003368	1	0	1	0	1	0	0	0	0	0	0	0
DEL00003392	1	0	1	0	1	2	0	0	0	0	2	0
DEL00003394	1	0	1	0	1	0	0	0	0	0	0	0
DEL00003405	1	0	25	0	1	2	0	0	0	0	0	0
DEL00003438	1	128	16	216	1	4	0	0	0	0	0	0
DEL00003447	1	0	49	0	1	4	0	0	0	0	0	0
DEL00003466	1	0	9	0	1	3	2	0	0	0	0	0
DEL00003471	1	0	36	0	1	5	2	2	0	0	0	0
DEL00003477	1	0	1	0	1	1	2	0	0	0	0	0
DEL00003486	1	0	1	0	1	4	0	0	0	0	0	0
DEL00003487	1	280	25	795	3	5	0	2	0	0	0	0
DEL00003498	1	0	1	0	1	3	0	0	0	0	0	0
DEL00003499	1	0	1	0	1	3	0	0	0	0	0	0
DEL00003502	1	0	3	0	1	3	0	0	0	0	0	0
DEL00003513	1	0	25	0	1	2	0	0	0	0	0	0
DEL00003534	1	0	4	0	1	3	0	0	0	0	0	0
DEL00003556	1	0	4	0	1	5	4	0	0	0	0	0
DEL00003558	1	0	16	0	1	4	2	0	0	0	0	0
DEL00003561	1	0	16	0	1	2	0	0	0	0	0	0
DEL00003579	1	0	9	0	1	4	2	0	0	2	0	0
DEL00003580	1	0	1	0	1	0	0	0	0	0	0	0
DEL00003582	1	0	1	0	1	5	3	0	0	0	0	0
DEL00003593	1	0	1	0	1	5	3	0	0	0	0	0
DEL00003594	1	0	1	0	1	5	3	0	0	0	0	0
DEL00003610	1	0	4	0	1	0	0	0	0	0	0	0
DEL00003625	1	0	2	0	1	3	0	0	0	0	0	0
DEL00003626	1	0	2	0	1	3	0	0	0	0	0	0
DEL00003628	1	0	2	0	1	3	0	0	0	0	0	0
DEL00003652	1	0	1	0	1	13	0	0	0	2	0	0
DEL00003663	1	0	1	0	1	12	0	0	0	0	0	0
DEL00003667	1	0	1	0	1	14	0	0	0	0	0	0
DEL00003668	1	0	1	0	1	18	2	0	0	2	0	0
DEL00003673	1	0	9	0	1	14	2	0	0	0	0	0
DEL00003689	1	0	2	0	1	10	0	0	0	0	0	0
DEL00003703	1	0	1	0	1	18	0	0	0	0	0	0
DEL00003708	1	0	1	0	1	14	0	0	0	0	0	0
DEL00003731	1	3	1	5	1	23	0	0	4	0	0	0
DEL00003732	1	3	1	0	1	23	0	0	4	0	0	0
DEL00003789	1	0	1	0	1	18	0	0	0	0	0	0
DEL00003818	2	1	2	9	1	24	14	0	4	0	0	0
DEL00003831	1	0	9	0	1	14	0	0	0	0	0	0
DEL00003846	1	0	16	0	1	10	0	0	0	0	0	0
DEL00003848	1	0	1	0	1	14	0	2	0	2	0	0
DEL00003861	1	0	1	0	1	12	0	0	0	0	0	0
DEL00003912	1	0	1	0	1	6	0	0	0	0	0	0
DEL00003939	1	0	3	0	1	3	0	0	0	0	0	0
DEL00003940	1	0	6	0	1	3	0	0	0	0	0	0
DEL00003941	1	28	1	36	5	3	0	0	0	0	0	0
DEL00003948	1	0	16	0	2	3	0	0	0	0	0	0
DEL00004043	1	0	1	0	1	5	0	0	0	0	0	0
DEL00004053	1	0	4	0	1	5	0	0	0	0	0	0
DEL00004055	1	0	1	0	1	5	0	0	0	0	0	0
DEL00004056	2	1	3	0	1	5	0	0	0	0	0	0
DEL00004061	1	0	1	0	1	5	0	0	0	0	0	0
DEL00004062	1	0	1	0	1	5	0	0	0	0	0	0
DEL00004064	1	0	16	0	1	5	0	0	0	0	0	0
DEL00004067	1	0	3	0	1	5	0	0	0	0	0	0
DEL00004070	1	0	9	0	1	5	0	0	0	0	0	0
DEL00004075	1	0	4	0	1	2	0	0	0	0	0	0
DEL00004091	1	10	4	18	1	2	0	0	0	0	0	0
DEL00004114	1	0	4	0	1	0	0	0	0	0	0	0
DEL00004116	1	0	1	0	1	0	0	0	0	0	0	0
DEL00004134	1	0	1	0	1	1	2	0	0	0	0	0
DEL00004146	1	0	4	0	1	0	0	0	0	0	0	0
DEL00004150	1	0	1	0	1	0	0	0	0	0	0	0
DEL00004160	1	0	4	0	1	0	0	0	0	0	0	0
DEL00004167	1	0	64	0	1	1	0	0	0	0	0	0
DEL00004233	1	0	1	0	1	10	0	0	0	0	2	0
DEL00004241	1	0	4	0	1	5	0	0	0	0	0	0
DEL00004243	1	0	4	0	1	5	0	0	0	0	0	0
DEL00004277	1	0	1	0	1	3	0	0	0	0	0	0
DEL00004278	1	0	9	0	1	3	0	0	0	0	0	0
DEL00004283	1	0	16	0	1	3	0	0	0	0	0	0
DEL00004293	1	0	4	0	1	1	0	0	0	0	0	0
DEL00004302	1	0	1	0	1	5	0	0	0	0	0	0
DEL00004303	1	0	1	0	1	5	0	0	0	0	0	0
DEL00004309	1	114	4	135	1	0	0	0	0	0	0	0
DEL00004316	1	0	1	0	1	8	0	0	0	5	4	0
DEL00004323	1	0	2	0	1	0	0	0	0	0	0	0
DEL00004325	1	56	4	80	6	1	0	0	0	0	0	0
DEL00004328	1	42	4	60	6	1	0	0	0	0	0	0
DEL00004337	1	0	9	0	1	4	0	0	0	0	0	0
DEL00004381	1	0	4	0	1	3	0	0	0	0	0	0
DEL00004384	1	0	1	0	1	4	0	0	0	0	0	0
DEL00004389	1	0	4	0	1	5	0	0	0	0	0	0
DEL00004407	1	8	1	14	2	10	2	0	0	0	0	0
DEL00004429	1	0	2	0	1	25	0	0	10	4	4	6
DEL00004430	1	0	2	0	1	25	0	0	5	2	2	6
DEL00004431	1	0	2	0	1	26	0	0	5	2	2	6
DEL00004503	1	4	1	25	1	8	0	0	0	0	0	0
DEL00004564	1	3	1	4	1	0	0	0	0	0	0	0
DEL00004568	1	1	1	0	1	1	2	0	0	0	0	0
DEL00004573	1	0	2	0	1	3	0	0	0	0	0	0
DEL00004624	2	2	3	8	1	9	2	2	0	0	0	0
DEL00004626	1	3	1	7	1	5	0	0	0	0	0	0
DEL00004630	1	0	36	0	1	7	0	2	0	0	0	0
DEL00004633	1	8	1	12	1	5	0	0	0	0	0	0
DEL00004636	1	0	1	0	1	5	2	0	0	0	0	0
DEL00004638	1	0	4	0	1	12	4	0	0	0	0	0
DEL00004642	1	0	81	0	1	7	2	2	0	0	0	1
DEL00004653	1	0	2	0	1	2	0	0	0	0	0	0
DEL00004663	1	0	6	0	1	2	0	0	0	0	0	0
DEL00004666	1	0	1	0	1	2	0	0	0	0	0	0
DEL00004668	1	0	1	0	1	2	0	0	0	0	0	0
DEL00004671	1	5	1	8	1	2	0	0	0	0	0	0
DEL00004681	1	12	2	20	1	2	0	0	0	0	0	0
DEL00004697	1	0	1	0	3	2	0	0	0	0	0	0
DEL00004698	1	0	4	0	1	2	0	0	0	0	0	0
DEL00004706	1	0	4	0	1	4	0	0	0	0	0	0
DEL00004713	1	0	4	0	1	10	2	0	0	0	0	0
DEL00004734	1	0	1	0	1	2	0	0	0	0	0	0
DEL00004744	1	0	2	0	1	4	0	0	0	0	0	0
DEL00004745	2	0	2	0	1	4	0	0	0	0	0	0
DEL00004781	1	0	12	0	1	7	0	0	0	0	0	0
DEL00004784	1	0	16	0	1	7	0	0	0	0	0	0
DEL00004785	1	0	1	0	1	7	0	0	0	0	0	0
DEL00004786	1	0	2	0	1	9	2	0	0	0	0	0
DEL00004804	1	0	4	0	1	11	0	0	0	0	0	0
DEL00004806	1	0	4	0	1	11	0	0	0	0	0	0
DEL00004865	1	0	1	0	1	6	0	0	0	0	0	0
DEL00004871	1	0	9	0	1	6	0	0	0	0	0	0
DEL00004893	1	0	4	0	1	0	0	0	0	0	0	0
DEL00004948	1	0	16	0	1	6	0	2	0	0	0	2
DEL00004986	1	0	1	0	2	1	0	0	0	0	0	0
DEL00004988	2	1	2	0	1	1	0	0	0	0	0	0
DEL00004989	1	0	1	0	1	1	0	0	0	0	0	0
DEL00004990	1	0	1	0	1	1	0	0	0	0	0	0
DEL00004995	1	0	1	0	1	6	7	0	0	0	0	0
DEL00005004	1	0	1	0	1	4	0	0	0	0	0	0
DEL00005028	1	0	4	0	1	1	0	0	0	0	0	0
DEL00005042	1	0	1	0	1	3	0	0	0	0	0	2
DEL00005054	1	0	25	0	3	1	0	0	0	0	0	0
DEL00005058	1	0	32	0	1	1	0	0	0	0	0	0
DEL00005079	1	0	1	0	1	0	0	0	0	0	0	0
DEL00005082	1	0	4	0	1	0	0	0	0	0	0	0
DEL00005088	1	0	2	0	1	0	0	0	0	0	0	0
DEL00005114	1	0	1	0	1	0	0	0	0	0	0	0
DEL00005131	1	0	4	0	1	0	0	0	0	0	0	0
DEL00005136	1	0	4	0	1	0	0	0	0	0	0	0
DEL00005141	1	0	4	0	1	0	0	0	0	0	0	0
DEL00005145	2	1	2	0	1	2	0	2	0	0	0	0
DEL00005146	1	0	1	0	1	0	0	0	0	0	0	0
DEL00005153	1	0	2	0	1	0	0	0	0	0	0	0
DEL00005156	1	0	64	0	1	0	0	0	0	0	0	0
DEL00005157	1	0	16	0	1	0	0	0	0	0	0	0
DEL00005187	1	0	1	0	1	0	0	0	0	0	0	0
DEL00005190	1	0	1	0	1	1	2	0	0	0	0	0
DEL00005198	1	0	6	0	1	0	0	0	0	0	0	0
DEL00005219	1	0	6	0	1	2	0	2	0	0	0	0
DEL00005224	1	0	4	0	1	4	0	0	0	0	0	0
DEL00005229	1	0	4	0	1	5	0	0	0	0	0	0
DEL00005231	1	0	4	0	1	5	0	0	0	0	0	0
DEL00005234	1	0	16	0	1	8	0	2	0	0	0	0
DEL00005245	1	0	2	0	1	9	0	0	0	0	0	0
DEL00005246	1	0	4	0	1	9	0	0	0	0	0	0
DEL00005258	1	0	1	0	1	14	0	0	0	0	0	0
DEL00005273	1	0	1	0	1	31	9	0	11	2	0	0
DEL00005314	1	0	1	0	1	70	35	4	9	2	1	0
DEL00005331	1	0	1	0	1	50	32	4	9	2	1	0
DEL00005332	1	0	1	0	1	50	32	4	9	2	1	0
DEL00005362	1	0	1	0	1	3	0	0	0	0	0	0
DEL00005382	3	0	11	0	1	9	2	2	2	0	4	0
DEL00005453	1	0	4	0	1	2	0	0	0	0	0	0
DEL00005454	1	0	2	0	1	2	0	0	0	0	0	0
DEL00005458	1	0	36	0	1	2	0	0	0	0	0	0
DEL00005459	1	0	16	0	1	2	0	0	0	0	0	0
DEL00005460	1	0	1	0	1	2	0	0	0	0	0	0
DEL00005475	1	0	15	0	1	1	0	0	0	0	0	0
DEL00005488	1	0	2	0	1	0	0	0	0	0	0	0
DEL00005501	1	0	12	0	1	0	0	0	0	0	0	0
DEL00005523	1	0	1	0	1	0	0	0	0	0	0	0
DEL00005531	1	0	1	0	1	2	0	0	0	0	0	0
DEL00005535	2	1	2	0	2	4	0	2	0	0	0	0
DEL00005569	1	0	1	0	1	7	0	0	0	0	0	0
DEL00005574	1	0	42	0	1	7	0	0	0	0	0	0
DEL00005611	1	0	1	0	1	1	0	0	0	0	0	0
DEL00005617	1	0	1	0	1	1	0	0	0	0	0	0
DEL00005633	1	0	4	0	1	1	0	0	0	0	0	0
DEL00005667	1	0	4	0	1	7	0	0	0	2	0	0
DEL00005697	1	0	9	0	1	2	0	0	0	0	0	0
DEL00005698	1	0	4	0	1	2	0	0	0	0	0	0
DEL00005703	1	0	16	0	1	2	0	0	0	0	0	0
DEL00005711	1	0	25	0	1	2	0	0	0	0	0	0
DEL00005715	1	0	4	0	1	2	0	0	0	0	0	0
DEL00005718	1	0	1	0	1	0	0	0	0	0	0	0
DEL00005728	1	9	1	12	1	3	0	0	0	0	0	0
DEL00005731	1	0	1	0	1	3	0	0	0	0	0	0
DEL00005738	1	0	1	0	1	0	0	0	0	0	0	0
DEL00005768	1	0	50	0	1	1	0	0	0	0	0	0
DEL00005781	1	0	4	0	1	3	0	0	0	0	0	0
DEL00005784	1	0	1	0	1	3	0	0	0	0	0	0
DEL00005785	1	0	1	0	1	5	0	2	0	0	0	0
DEL00005828	1	0	36	0	1	5	0	0	0	0	0	0
DEL00005830	1	0	4	0	1	5	0	0	0	0	0	0
DEL00005833	1	0	42	0	1	5	0	0	0	0	0	0
DEL00005834	1	0	1	0	1	5	0	0	0	0	0	0
DEL00005855	1	0	9	0	1	5	0	2	0	0	0	0
DEL00005870	1	249	16	285	0	0	0	0	0	0	0	0
DEL00005950	1	0	1	0	1	0	15	0	2	0	0	0
DEL00005951	1	0	1	0	1	2	4	2	1	0	0	0
DEL00005969	1	0	1	0	1	4	0	0	0	0	0	0
DEL00005997	1	0	1	0	1	0	0	0	0	0	0	0
DEL00006000	1	0	10	0	1	0	0	0	0	0	0	0
DEL00006002	1	0	4	0	1	0	0	0	0	0	0	0
DEL00006022	1	0	4	0	1	6	1	0	0	0	0	0
DEL00006029	1	0	2	0	1	8	1	0	0	0	0	0
DEL00006031	1	0	1	0	1	0	0	0	0	0	0	0
DEL00006069	1	0	2	0	1	0	8	0	0	0	0	0
DEL00006078	1	0	9	0	1	0	5	0	0	0	0	0
DEL00006080	1	0	3	0	1	0	5	0	0	0	0	0
DEL00006083	1	0	4	0	1	0	5	0	0	0	0	0
DEL00006086	1	0	8	0	2	0	0	2	0	0	0	0
DEL00006090	1	0	1	0	1	0	2	0	0	0	0	0
DEL00006101	1	0	9	0	1	4	0	2	0	0	0	0
DEL00006103	1	0	100	0	1	2	0	0	0	0	0	0
DEL00006119	1	120	9	168	1	5	2	0	0	0	0	0
DEL00006123	1	0	25	0	1	8	0	4	0	0	0	0
DEL00006125	1	0	56	0	1	7	2	2	0	0	0	0
DEL00006147	1	0	12	0	1	2	0	0	0	0	0	0
DEL00006152	1	0	9	0	1	2	0	0	0	0	0	0
DEL00006170	1	0	1	0	1	3	3	0	0	0	0	0
DEL00006177	1	0	1	0	1	0	0	0	0	0	0	0
DEL00006180	1	26	1	34	2	0	0	0	0	0	0	0
DEL00006214	1	20	1	30	1	1	0	0	0	0	0	0
DEL00006248	1	0	1	0	2	1	0	0	0	0	0	0
DEL00006249	1	0	1	0	1	4	0	0	0	0	0	3
DEL00006252	1	0	16	0	1	1	0	0	0	0	0	0
DEL00006254	1	0	16	0	1	1	0	0	0	0	0	0
DEL00006255	1	0	16	0	1	3	0	0	0	0	0	0
DEL00006258	1	1	1	9	1	3	0	0	0	0	0	0
DEL00006277	1	0	49	0	1	7	0	2	0	0	0	0
DEL00006278	1	0	1	0	1	5	0	0	0	0	0	0
DEL00006295	1	0	1	0	1	3	0	0	0	0	0	0
DEL00006296	1	0	42	0	1	3	0	0	0	0	0	0
DEL00006300	1	184	4	212	1	3	0	0	0	0	0	0
DEL00006304	1	92	4	106	3	3	0	0	0	0	0	0
DEL00006334	1	0	16	0	1	1	0	0	0	0	0	0
DEL00006349	1	0	1	0	1	8	3	2	0	0	0	0
DEL00006355	1	0	9	0	1	13	9	0	2	0	1	0
DEL00006363	1	0	4	0	1	0	0	0	0	0	0	0
DEL00006378	1	0	4	0	1	0	2	0	0	0	0	0
DEL00006411	1	72	4	92	4	10	3	0	0	0	0	0
DEL00006473	1	0	1	0	1	7	0	0	0	0	0	0
DEL00006477	1	6	1	14	1	8	0	0	0	0	0	0
DEL00006605	1	0	4	0	1	2	0	0	0	0	0	0
DEL00006875	1	0	1	0	0	0	0	0	0	0	0	0
DEL00007152	1	5	1	7	0	0	0	0	0	0	0	0
DEL00007177	2	58	2	157	0	0	0	0	0	0	0	0
DUP00000365	1	0	4	0	1	9	0	0	0	0	0	0
DUP00000482	228	167560	670	228198	4982	148	19	74	0	2	14	8
DUP00001376	1	558	9	852	236	13	9	0	2	2	3	0
DUP00001580	1	34	3	132	6	6	0	0	0	0	0	0
DUP00001708	1	0	1	0	1	27	0	0	0	0	0	0
DUP00001737	507	273813	1634	397801	7501	316	45	118	0	6	58	24
DUP00002140	3	18239	14	20925	13	9	0	0	6	0	0	0
DUP00002201	1	0	20	0	1	10	6	0	0	0	0	0
DUP00005040	1	0	1	0	1	4	0	0	0	0	0	3
DUP00005120	1	0	4	0	1	0	0	0	0	0	0	0
DUP00005269	2	394	18	1058	9	65	14	2	15	2	0	0
DUP00005826	1	0	9	0	1	7	0	2	0	0	0	0
INS00000021	1	0	1	0	1	2	0	0	0	0	0	0
INS00000235	1	0	9	0	1	26	0	0	0	0	0	0
INS00000316	1	0	9	0	1	0	0	0	0	0	0	0
INS00000321	1	0	4	0	1	2	0	0	0	0	0	0
INS00000359	1	0	9	0	1	7	0	0	0	0	0	0
INS00000412	1	0	25	0	1	9	0	0	0	0	0	0
INS00000459	1	0	5	0	1	3	0	0	0	0	0	0
INS00000626	1	0	1	0	1	5	0	0	0	0	0	0
INS00000683	1	0	20	0	1	7	0	0	0	0	0	0
INS00000699	1	0	1	0	1	65	9	0	6	4	11	1
INS00000770	1	0	16	0	1	0	0	0	0	0	0	0
INS00000781	1	0	1	0	1	0	0	0	0	0	0	0
INS00000858	1	0	100	0	1	11	0	0	0	2	0	0
INS00000862	1	0	3	0	1	9	0	0	0	0	0	0
INS00000904	1	0	2	0	1	6	0	0	0	0	0	0
INS00000918	1	0	4	0	1	6	0	0	0	0	0	0
INS00000962	1	0	1	0	1	4	0	0	0	0	0	0
INS00001094	1	0	16	0	1	6	0	0	0	0	0	0
INS00001174	1	0	16	0	1	11	1	0	0	0	0	0
INS00001261	1	0	4	0	1	4	0	0	0	0	0	0
INS00001420	1	0	4	0	1	14	0	0	0	0	0	0
INS00001463	1	0	1	0	1	14	0	0	0	0	0	0
INS00001518	1	0	36	0	1	10	0	0	0	0	0	0
INS00001780	1	0	25	0	1	13	0	0	0	0	0	0
INS00001790	1	0	20	0	1	9	0	0	0	0	0	0
INS00001792	1	0	2	0	1	9	0	0	2	0	0	0
INS00001819	1	0	9	0	1	13	0	0	0	0	0	0
INS00001916	1	0	4	0	1	7	0	0	0	0	4	0
INS00002011	1	0	1	0	1	9	0	0	0	0	0	0
INS00002077	1	0	4	0	1	7	0	0	0	0	0	0
INS00002126	1	0	1	0	1	2	0	0	0	0	0	0
INS00002223	1	0	1	0	1	8	0	0	0	0	0	0
INS00002267	1	0	9	0	1	6	0	0	0	0	0	0
INS00002323	1	0	2	0	1	5	0	0	0	0	0	0
INS00002376	1	0	4	0	1	2	0	0	0	0	0	0
INS00002382	1	0	4	0	1	3	0	0	0	0	0	0
INS00002406	1	0	4	0	1	7	0	0	0	0	0	0
INS00002413	1	0	16	0	1	9	0	0	0	0	0	0
INS00002600	1	0	1	0	1	36	0	0	0	2	0	0
INS00002772	1	0	9	0	1	4	0	0	0	0	0	0
INS00003058	1	0	6	0	1	13	0	0	0	0	0	0
INS00003096	1	0	9	0	1	19	1	0	0	0	0	0
INS00003097	1	0	70	0	1	19	1	0	0	0	0	0
INS00003350	1	0	1	0	1	0	0	0	0	0	0	0
INS00003374	1	0	1	0	1	0	0	0	0	0	0	0
INS00003514	1	0	25	0	1	2	0	0	0	0	0	0
INS00003640	1	0	1	0	1	6	0	0	0	0	0	0
INS00003646	1	0	1	0	1	11	0	0	0	0	0	0
INS00003704	1	0	1	0	1	18	0	0	0	0	0	0
INS00004042	1	0	1	0	1	5	0	0	0	0	0	0
INS00004058	1	0	1	0	1	5	0	0	0	0	0	0
INS00004103	1	0	4	0	1	2	0	0	0	0	0	0
INS00004108	1	0	4	0	1	2	0	0	0	0	0	0
INS00004121	1	0	9	0	1	0	0	0	0	0	0	0
INS00004318	1	0	2	0	1	4	0	0	0	3	0	0
INS00004357	1	0	1	0	1	3	0	0	0	0	0	0
INS00004400	1	0	25	0	1	8	4	0	0	0	0	0
INS00004570	1	0	5	0	1	3	2	0	0	0	0	0
INS00004719	1	0	90	0	1	0	0	0	0	0	0	0
INS00004723	1	0	1	0	1	2	0	0	0	0	0	0
INS00004742	1	0	49	0	1	4	0	0	0	0	0	0
INS00004870	1	0	9	0	1	6	0	0	0	0	0	0
INS00004903	1	0	9	0	1	2	0	0	0	0	0	0
INS00005155	1	0	1	0	1	0	0	0	0	0	0	0
INS00005158	1	0	1	0	1	0	0	0	0	0	0	0
INS00005263	1	0	6	0	1	16	0	0	0	0	0	0
INS00005489	1	0	20	0	1	0	0	0	0	0	0	0
INS00005678	1	0	16	0	1	2	2	0	0	0	0	0
INS00005724	1	0	1	0	1	4	0	0	0	0	0	0
INS00005783	1	0	16	0	1	3	1	0	0	0	0	0
INS00006025	1	0	1	0	1	7	2	0	0	0	0	0
INS00006071	1	0	3	0	1	0	8	0	0	0	0	0
INS00006081	1	0	1	0	1	0	5	0	0	0	0	0
INS00006099	1	0	9	0	1	2	0	0	0	0	0	0
INS00006114	1	0	12	0	1	5	2	0	0	0	0	0
INS00006253	1	0	16	0	1	1	0	0	0	0	0	0
INV00000306	3	258	3	333	124	28	12	12	0	0	0	0
INV00000500	2	10	2	16	22	3	0	0	0	0	0	0
INV00000589	612	579272	2736	814693	14143	925	136	430	30	41	93	14
INV00000723	1	0	1	0	1	7	0	0	0	0	0	0
INV00001771	310	212285	1048	294618	7332	279	50	104	6	10	46	16
INV00002277	311	307158	1273	425822	8941	407	80	180	8	16	25	2
INV00003844	1	0	5	0	1	14	0	0	0	0	0	0
INV00004260	78	81897	248	109243	1513	116	27	62	0	2	7	4
INV00005179	1	0	1	0	1	0	0	0	0	0	0	0
INV00005805	2	0	10	0	3	7	2	0	0	0	0	0
BND00000922	0	0	0	0	1	6	0	0	0	0	0	0
BND00001620	0	0	0	0	1	0	0	0	0	0	0	0
BND00001892	0	0	0	0	1	0	0	2	0	0	0	0
BND00001995	0	0	0	0	1	13	0	2	0	0	0	0
BND00001999	0	0	0	0	1	11	0	0	0	0	0	0
BND00002151	0	0	0	0	1	0	0	0	0	0	0	0
BND00002769	0	0	0	0	1	4	0	0	0	0	0	0
BND00002792	0	0	0	0	1	7	2	0	0	0	0	0
BND00002821	0	0	0	0	1	7	0	0	0	0	0	0
BND00003033	0	0	0	0	1	10	0	0	0	0	0	0
BND00003109	0	0	0	0	1	19	0	0	0	0	0	0
BND00003360	0	0	0	0	1	3	0	0	0	0	2	0
BND00003397	0	0	0	0	1	0	0	0	0	0	0	0
BND00003478	0	0	0	0	1	1	0	0	0	0	0	0
BND00003687	0	0	0	0	1	10	0	0	0	0	0	0
BND00004045	0	0	0	0	1	5	0	0	0	0	0	0
BND00004059	0	0	0	0	1	5	0	0	0	0	0	0
BND00004335	0	0	0	0	1	3	0	0	0	0	0	0
BND00004451	0	0	0	0	1	22	20	0	0	0	10	2
BND00004452	0	0	0	0	1	22	20	0	0	0	8	2
BND00004748	0	0	0	0	1	4	0	0	0	0	0	0
BND00004774	0	0	0	0	1	7	0	0	0	0	0	0
BND00004922	0	0	0	0	1	0	0	0	0	0	0	0
BND00004926	0	0	0	0	1	0	0	0	0	0	0	0
BND00005008	0	0	0	0	1	1	0	0	0	0	0	0
BND00005133	0	0	0	0	1	0	0	0	0	0	0	0
BND00005204	0	0	0	0	1	0	1	0	0	0	0	0
BND00005811	0	0	0	0	1	8	4	0	0	0	0	0
BND00005920	0	0	0	0	1	11	20	0	4	0	4	0
BND00005926	0	0	0	0	1	11	20	0	4	0	4	0
BND00005964	0	0	0	0	1	6	2	0	0	0	0	0
BND00006148	0	0	0	0	1	2	0	0	0	0	0	0
BND00006279	0	0	0	0	1	6	0	0	0	0	2	0
BND00006384	0	0	0	0	1	1	0	0	0	0	0	0
BND00006435	0	0	0	0	1	16	0	0	0	0	0	0
BND00006440	0	0	0	0	1	16	0	0	0	0	0	0
BND00006441	0	0	0	0	1	16	0	0	0	0	0	0
BND00006442	0	0	0	0	1	16	0	0	0	0	0	0
BND00006472	0	0	0	0	1	7	0	0	0	0	0	0
BND00006584	0	0	0	0	1	3	0	0	0	0	0	0
DEL00000020	0	0	0	0	1	0	0	0	0	0	0	0
DEL00000027	0	0	0	0	1	4	0	0	0	0	0	0
DEL00000031	0	0	0	0	1	6	0	2	0	0	0	0
DEL00000033	0	0	0	0	1	4	0	0	0	0	0	0
DEL00000037	0	0	0	0	1	4	0	0	0	0	0	0
DEL00000038	0	0	0	0	1	6	0	0	0	0	0	0
DEL00000039	0	0	0	0	1	4	0	0	0	0	0	0
DEL00000040	0	0	0	0	1	4	0	0	0	2	0	0
DEL00000042	0	0	0	0	1	4	0	0	0	2	0	0
DEL00000044	0	0	0	0	1	4	0	0	0	0	0	0
DEL00000045	0	0	0	0	1	4	0	0	0	0	0	0
DEL00000046	0	0	0	0	1	4	0	0	0	0	0	0
DEL00000047	0	0	0	0	1	4	0	0	0	0	0	0
DEL00000051	0	0	0	0	1	9	1	0	0	0	0	0
DEL00000053	0	0	0	0	1	10	0	0	0	0	0	2
DEL00000063	0	0	0	0	1	12	0	0	0	0	0	0
DEL00000064	0	0	0	0	1	12	0	0	0	0	0	0
DEL00000067	0	0	0	0	2	12	0	0	0	0	0	0
DEL00000074	0	0	0	0	1	14	0	0	0	0	0	0
DEL00000075	0	0	0	0	1	18	0	2	0	0	0	0
DEL00000076	0	0	0	0	1	16	0	0	0	0	0	0
DEL00000080	0	0	0	0	1	18	0	0	0	2	0	0
DEL00000082	0	0	0	0	1	18	0	0	0	0	0	0
DEL00000083	0	0	0	0	1	18	0	0	0	0	0	0
DEL00000084	0	0	0	0	1	18	0	0	0	0	0	0
DEL00000085	0	0	0	0	1	18	0	0	0	0	0	0
DEL00000086	0	0	0	0	1	18	0	0	0	0	0	0
DEL00000087	0	0	0	0	1	20	0	0	0	0	0	0
DEL00000095	0	0	0	0	1	26	1	2	0	2	0	0
DEL00000100	0	0	0	0	1	26	0	0	0	5	0	0
DEL00000101	0	0	0	0	1	26	0	0	0	5	0	0
DEL00000104	0	0	0	0	1	21	0	2	0	0	0	0
DEL00000108	0	0	0	0	1	19	0	0	0	0	0	0
DEL00000113	0	0	0	0	1	19	0	0	0	0	0	0
DEL00000114	0	0	0	0	1	19	0	0	0	0	0	0
DEL00000115	0	0	0	0	1	19	0	0	0	0	0	0
DEL00000117	0	0	0	0	1	19	0	0	0	0	0	0
DEL00000120	0	0	0	0	1	19	0	0	0	0	0	0
DEL00000123	0	0	0	0	1	24	0	0	0	0	0	0
DEL00000127	0	0	0	0	1	21	0	0	0	0	0	0
DEL00000130	0	0	0	0	2	25	1	2	0	0	0	0
DEL00000141	0	0	0	0	1	29	0	0	0	0	0	1
DEL00000142	0	0	0	0	1	27	0	0	0	0	0	1
DEL00000143	0	0	0	0	1	27	0	0	0	0	0	1
DEL00000146	0	0	0	0	1	25	6	4	0	0	0	0
DEL00000150	0	0	0	0	1	26	0	0	0	0	0	0
DEL00000154	0	0	0	0	6	26	0	0	0	0	0	0
DEL00000155	0	0	0	0	1	27	0	0	0	0	0	0
DEL00000158	0	0	0	0	1	27	0	0	0	0	0	0
DEL00000161	0	0	0	0	1	29	0	0	0	0	0	0
DEL00000162	0	0	0	0	1	27	0	0	0	0	0	0
DEL00000163	0	0	0	0	1	27	0	0	0	0	0	0
DEL00000167	0	0	0	0	1	29	2	0	0	0	0	0
DEL00000178	0	0	0	0	1	26	1	0	0	0	0	0
DEL00000181	0	0	0	0	1	25	0	0	0	0	0	0
DEL00000186	0	0	0	0	1	25	0	0	0	0	0	0
DEL00000187	0	0	0	0	1	24	0	0	0	0	0	0
DEL00000188	0	0	0	0	3	24	0	0	0	0	0	0
DEL00000199	0	0	0	0	1	27	0	2	0	0	0	0
DEL00000201	0	0	0	0	1	27	0	0	0	0	0	0
DEL00000206	0	0	0	0	1	26	1	0	0	0	0	0
DEL00000208	0	0	0	0	1	24	1	0	0	0	0	0
DEL00000215	0	0	0	0	1	25	0	0	0	0	0	0
DEL00000216	0	0	0	0	1	27	0	0	0	0	0	0
DEL00000218	0	0	0	0	1	29	0	2	0	0	0	0
DEL00000220	0	0	0	0	1	29	0	0	0	0	0	0
DEL00000225	0	0	0	0	1	29	0	0	0	0	0	0
DEL00000226	0	0	0	0	1	31	0	0	0	0	0	0
DEL00000231	0	0	0	0	1	29	0	0	0	0	0	0
DEL00000237	0	0	0	0	4	26	0	0	0	0	0	0
DEL00000240	0	0	0	0	1	26	0	0	0	0	0	0
DEL00000244	0	0	0	0	1	26	0	0	0	0	0	0
DEL00000245	0	0	0	0	1	28	0	2	0	0	0	0
DEL00000246	0	0	0	0	1	29	0	0	0	0	0	4
DEL00000249	0	0	0	0	1	26	0	0	0	0	0	1
DEL00000252	0	0	0	0	1	30	0	0	0	0	0	0
DEL00000266	0	0	0	0	1	24	0	2	0	0	0	0
DEL00000271	0	0	0	0	1	22	0	0	0	0	0	0
DEL00000278	0	0	0	0	1	11	0	0	0	0	0	0
DEL00000279	0	0	0	0	1	13	0	2	0	0	0	0
DEL00000281	0	0	0	0	1	11	0	0	0	0	0	0
DEL00000288	0	0	0	0	1	16	0	0	0	0	0	1
DEL00000298	0	0	0	0	1	8	0	0	0	0	0	0
DEL00000301	0	0	0	0	1	8	1	0	0	0	0	0
DEL00000308	0	0	0	0	1	4	0	0	0	0	0	0
DEL00000318	0	0	0	0	1	0	0	0	0	0	0	0
DEL00000327	0	0	0	0	1	1	0	0	0	0	0	0
DEL00000329	0	0	0	0	1	1	0	0	0	0	0	0
DEL00000331	0	0	0	0	1	1	0	0	0	0	0	0
DEL00000336	0	0	0	0	1	5	0	0	0	0	0	1
DEL00000338	0	0	0	0	1	6	0	0	0	0	0	0
DEL00000339	0	0	0	0	1	6	0	0	0	0	0	0
DEL00000340	0	0	0	0	1	4	0	0	0	0	0	0
DEL00000341	0	0	0	0	1	4	0	0	0	0	0	0
DEL00000342	0	0	0	0	1	6	0	0	0	0	0	0
DEL00000346	0	0	0	0	1	10	0	0	0	0	0	0
DEL00000350	0	0	0	0	1	8	0	0	0	0	0	0
DEL00000352	0	0	0	0	1	8	0	0	0	0	0	0
DEL00000354	0	0	0	0	1	11	2	0	0	0	0	0
DEL00000356	0	0	0	0	1	7	0	0	0	0	0	0
DEL00000357	0	0	0	0	1	7	0	0	0	0	0	0
DEL00000367	0	0	0	0	1	9	0	0	0	0	0	0
DEL00000374	0	0	0	0	1	10	2	0	0	0	0	0
DEL00000378	0	0	0	0	1	10	0	0	0	2	0	0
DEL00000380	0	0	0	0	1	10	0	0	0	0	0	0
DEL00000381	0	0	0	0	1	10	0	0	0	0	0	0
DEL00000384	0	0	0	0	1	10	0	0	0	0	0	0
DEL00000386	0	0	0	0	1	11	1	0	0	0	0	0
DEL00000387	0	0	0	0	1	11	1	0	0	0	0	0
DEL00000389	0	0	0	0	2	11	1	0	0	0	0	0
DEL00000390	0	0	0	0	1	11	1	0	0	0	0	0
DEL00000396	0	0	0	0	1	10	0	0	0	0	0	0
DEL00000398	0	0	0	0	1	12	0	2	0	0	0	0
DEL00000399	0	0	0	0	1	11	0	0	0	0	1	0
DEL00000401	0	0	0	0	1	10	0	0	0	0	0	0
DEL00000416	0	0	0	0	1	9	0	0	0	0	0	0
DEL00000418	0	0	0	0	1	9	0	0	0	0	0	0
DEL00000425	0	0	0	0	1	9	0	2	0	0	0	0
DEL00000427	0	0	0	0	1	7	0	0	0	0	0	0
DEL00000434	0	0	0	0	1	7	0	0	0	0	0	0
DEL00000435	0	0	0	0	1	9	0	2	0	0	0	0
DEL00000436	0	0	0	0	1	7	0	0	0	0	0	0
DEL00000437	0	0	0	0	1	7	0	0	0	0	0	0
DEL00000443	0	0	0	0	1	7	0	0	0	0	0	0
DEL00000445	0	0	0	0	3	7	0	0	0	0	0	0
DEL00000447	0	0	0	0	1	12	0	0	0	2	0	0
DEL00000448	0	0	0	0	1	10	0	0	0	0	0	3
DEL00000463	0	0	0	0	1	1	0	0	0	0	0	0
DEL00000464	0	0	0	0	1	1	0	0	0	0	0	0
DEL00000472	0	0	0	0	1	2	0	0	0	0	0	0
DEL00000474	0	0	0	0	1	2	0	0	0	0	0	0
DEL00000475	0	0	0	0	1	2	0	0	0	0	0	0
DEL00000476	0	0	0	0	1	2	0	0	0	0	0	0
DEL00000479	0	0	0	0	1	7	0	2	0	0	0	0
DEL00000483	0	0	0	0	2	3	0	0	0	0	0	0
DEL00000484	0	0	0	0	2	3	0	0	0	0	0	0
DEL00000487	0	0	0	0	13	2	0	2	0	0	0	0
DEL00000488	0	0	0	0	1	4	0	2	0	0	0	0
DEL00000489	0	0	0	0	1	2	0	0	0	0	0	0
DEL00000491	0	0	0	0	1	4	1	0	0	0	0	0
DEL00000493	0	0	0	0	1	4	1	0	0	0	0	0
DEL00000509	0	0	0	0	1	6	0	2	0	0	0	1
DEL00000519	0	0	0	0	1	5	0	0	0	0	0	0
DEL00000525	0	0	0	0	1	2	2	0	0	0	0	0
DEL00000533	0	0	0	0	1	6	2	0	0	0	0	0
DEL00000534	0	0	0	0	1	4	0	0	0	0	0	0
DEL00000535	0	0	0	0	1	2	0	0	0	0	0	0
DEL00000537	0	0	0	0	1	4	0	0	0	0	0	0
DEL00000538	0	0	0	0	1	4	0	0	0	0	0	0
DEL00000540	0	0	0	0	1	4	0	0	0	0	0	0
DEL00000546	0	0	0	0	1	6	0	2	0	0	0	0
DEL00000547	0	0	0	0	2	4	0	0	0	0	0	0
DEL00000549	0	0	0	0	1	4	0	0	0	0	0	0
DEL00000552	0	0	0	0	1	6	0	2	0	0	0	0
DEL00000562	0	0	0	0	1	8	0	0	0	2	5	0
DEL00000567	0	0	0	0	1	4	0	0	0	0	0	0
DEL00000569	0	0	0	0	1	4	0	0	0	0	0	0
DEL00000581	0	0	0	0	1	9	0	0	0	0	0	0
DEL00000629	0	0	0	0	1	5	0	0	0	0	0	0
DEL00000630	0	0	0	0	1	5	0	0	0	0	0	0
DEL00000637	0	0	0	0	1	5	0	0	0	0	0	0
DEL00000638	0	0	0	0	1	5	0	0	0	0	0	0
DEL00000642	0	0	0	0	1	5	0	0	0	0	0	0
DEL00000652	0	0	0	0	4	9	6	4	0	0	0	0
DEL00000653	0	0	0	0	1	7	2	0	0	0	0	0
DEL00000654	0	0	0	0	1	7	2	0	0	0	0	0
DEL00000655	0	0	0	0	1	7	2	0	0	0	0	0
DEL00000656	0	0	0	0	1	7	2	0	0	0	0	0
DEL00000665	0	0	0	0	1	9	0	0	0	0	0	0
DEL00000667	0	0	0	0	1	11	0	2	0	0	0	0
DEL00000670	0	0	0	0	1	5	0	0	0	0	0	0
DEL00000671	0	0	0	0	1	5	0	0	0	0	0	0
DEL00000675	0	0	0	0	1	5	0	0	0	0	0	0
DEL00000677	0	0	0	0	1	5	0	0	0	0	0	0
DEL00000679	0	0	0	0	1	5	0	0	0	0	0	0
DEL00000681	0	0	0	0	6	7	0	2	0	0	0	0
DEL00000682	0	0	0	0	1	5	0	0	0	0	0	0
DEL00000686	0	0	0	0	1	7	0	0	0	0	0	0
DEL00000688	0	0	0	0	1	7	0	0	0	0	0	0
DEL00000705	0	0	0	0	7	8	1	0	0	0	0	0
DEL00000711	0	0	0	0	1	10	1	0	0	0	0	0
DEL00000714	0	0	0	0	1	9	0	0	0	0	0	0
DEL00000720	0	0	0	0	1	7	0	0	0	0	0	0
DEL00000729	0	0	0	0	1	11	0	0	0	0	0	0
DEL00000733	0	0	0	0	1	11	0	0	0	0	0	0
DEL00000736	0	0	0	0	1	9	0	0	0	0	0	0
DEL00000737	0	0	0	0	1	9	0	0	0	0	0	0
DEL00000739	0	0	0	0	1	9	0	0	0	0	0	0
DEL00000740	0	0	0	0	1	9	0	0	0	0	0	0
DEL00000741	0	0	0	0	1	9	0	0	0	0	0	0
DEL00000754	0	0	0	0	1	4	0	0	0	0	0	0
DEL00000759	0	0	0	0	1	5	2	0	0	0	0	0
DEL00000760	0	0	0	0	1	5	2	0	0	0	0	0
DEL00000765	0	0	0	0	2	1	0	0	0	0	0	0
DEL00000774	0	0	0	0	1	0	0	0	0	0	0	0
DEL00000780	0	0	0	0	1	0	0	0	0	0	0	0
DEL00000785	0	0	0	0	1	0	0	0	0	0	0	0
DEL00000792	0	0	0	0	1	1	5	0	0	0	0	0
DEL00000797	0	0	0	0	1	0	0	0	0	0	0	0
DEL00000799	0	0	0	0	1	3	1	0	0	0	0	0
DEL00000803	0	0	0	0	1	4	2	0	0	0	0	0
DEL00000806	0	0	0	0	1	3	0	0	0	0	0	0
DEL00000809	0	0	0	0	1	5	0	0	0	0	0	0
DEL00000811	0	0	0	0	1	3	0	0	0	0	0	0
DEL00000814	0	0	0	0	1	3	0	0	0	0	0	0
DEL00000817	0	0	0	0	1	5	0	0	0	0	0	0
DEL00000827	0	0	0	0	1	7	0	0	0	0	0	0
DEL00000829	0	0	0	0	1	8	0	0	0	0	0	0
DEL00000835	0	0	0	0	1	8	0	0	0	0	0	0
DEL00000836	0	0	0	0	1	8	0	0	0	0	0	0
DEL00000837	0	0	0	0	1	8	0	0	0	0	0	0
DEL00000838	0	0	0	0	1	8	0	0	0	0	0	0
DEL00000839	0	0	0	0	1	8	0	0	0	0	0	0
DEL00000840	0	0	0	0	1	8	0	0	0	0	0	0
DEL00000844	0	0	0	0	1	8	0	0	0	0	0	0
DEL00000845	0	0	0	0	1	11	1	0	0	0	0	0
DEL00000846	0	0	0	0	1	9	1	0	0	0	0	0
DEL00000847	0	0	0	0	1	9	2	0	0	0	0	0
DEL00000850	0	0	0	0	1	6	0	0	0	0	0	0
DEL00000851	0	0	0	0	1	6	0	0	0	0	0	0
DEL00000852	0	0	0	0	1	10	0	2	0	0	0	0
DEL00000857	0	0	0	0	1	9	0	0	0	0	0	0
DEL00000873	0	0	0	0	1	5	0	0	0	0	0	0
DEL00000875	0	0	0	0	1	5	0	0	0	0	0	0
DEL00000876	0	0	0	0	1	5	0	0	0	0	0	0
DEL00000877	0	0	0	0	1	5	0	0	0	0	0	0
DEL00000878	0	0	0	0	1	6	1	0	0	0	0	0
DEL00000880	0	0	0	0	1	5	0	0	0	0	0	0
DEL00000885	0	0	0	0	1	7	0	0	0	0	0	0
DEL00000886	0	0	0	0	1	7	0	0	0	0	0	0
DEL00000889	0	0	0	0	1	5	0	0	0	0	0	0
DEL00000891	0	0	0	0	1	5	0	0	0	0	0	0
DEL00000899	0	0	0	0	1	6	0	0	0	0	0	0
DEL00000900	0	0	0	0	1	6	0	0	0	0	0	0
DEL00000909	0	0	0	0	1	6	0	0	0	0	0	0
DEL00000911	0	0	0	0	1	6	0	0	0	0	0	0
DEL00000912	0	0	0	0	1	6	0	0	0	0	0	0
DEL00000914	0	0	0	0	1	8	0	0	0	0	0	0
DEL00000916	0	0	0	0	1	10	0	2	0	0	0	0
DEL00000917	0	0	0	0	1	6	0	0	0	0	0	0
DEL00000925	0	0	0	0	1	6	0	0	0	0	0	0
DEL00000926	0	0	0	0	1	5	0	0	0	0	0	0
DEL00000927	0	0	0	0	1	5	0	0	0	0	0	0
DEL00000937	0	0	0	0	1	5	0	0	0	0	0	0
DEL00000951	0	0	0	0	1	2	0	0	0	0	0	0
DEL00000954	0	0	0	0	1	2	0	0	0	0	0	0
DEL00000958	0	0	0	0	1	4	0	0	0	0	0	0
DEL00000960	0	0	0	0	1	4	0	0	0	0	0	0
DEL00000967	0	0	0	0	1	4	0	0	0	0	0	0
DEL00000974	0	0	0	0	1	4	0	0	0	0	0	0
DEL00000986	0	0	0	0	1	16	9	2	12	4	10	0
DEL00001019	0	0	0	0	1	18	26	0	12	7	12	6
DEL00001043	0	0	0	0	1	4	0	0	0	0	0	0
DEL00001048	0	0	0	0	3	4	0	0	0	0	0	0
DEL00001049	0	0	0	0	1	4	0	0	0	0	0	0
DEL00001054	0	0	0	0	1	4	0	0	0	0	3	1
DEL00001059	0	0	0	0	1	0	0	0	0	0	0	0
DEL00001068	0	0	0	0	1	0	0	0	0	0	0	0
DEL00001070	0	0	0	0	1	0	0	0	0	0	0	0
DEL00001073	0	0	0	0	1	0	1	0	0	0	0	0
DEL00001074	0	0	0	0	4	5	1	2	0	0	0	0
DEL00001078	0	0	0	0	1	0	0	0	0	0	0	0
DEL00001101	0	0	0	0	1	6	0	0	0	0	0	0
DEL00001102	0	0	0	0	1	6	0	0	0	0	0	0
DEL00001105	0	0	0	0	1	7	1	0	0	0	0	0
DEL00001107	0	0	0	0	1	7	0	0	0	0	0	0
DEL00001111	0	0	0	0	1	7	0	0	0	0	0	0
DEL00001114	0	0	0	0	1	5	0	0	0	0	0	0
DEL00001116	0	0	0	0	1	5	0	0	0	0	0	0
DEL00001119	0	0	0	0	1	6	0	0	0	0	0	0
DEL00001123	0	0	0	0	1	6	0	0	0	0	0	0
DEL00001127	0	0	0	0	1	6	0	0	0	0	0	0
DEL00001129	0	0	0	0	1	7	0	0	0	0	0	6
DEL00001133	0	0	0	0	1	6	0	0	0	0	0	0
DEL00001136	0	0	0	0	1	6	2	0	0	0	0	0
DEL00001146	0	0	0	0	1	7	1	0	0	0	0	0
DEL00001165	0	0	0	0	1	10	0	0	0	0	0	0
DEL00001171	0	0	0	0	1	10	0	0	0	0	0	0
DEL00001173	0	0	0	0	1	10	0	0	0	0	0	0
DEL00001175	0	0	0	0	1	10	0	0	0	0	0	0
DEL00001178	0	0	0	0	1	10	0	0	0	0	0	0
DEL00001179	0	0	0	0	1	10	0	0	0	0	0	0
DEL00001180	0	0	0	0	1	10	0	0	0	0	0	0
DEL00001183	0	0	0	0	1	10	0	0	0	0	0	0
DEL00001186	0	0	0	0	1	16	2	2	0	0	0	0
DEL00001187	0	0	0	0	1	14	3	0	0	0	0	0
DEL00001199	0	0	0	0	1	12	0	2	2	0	0	0
DEL00001200	0	0	0	0	1	10	0	0	0	0	0	0
DEL00001201	0	0	0	0	1	10	0	0	0	0	0	0
DEL00001215	0	0	0	0	1	14	0	0	0	0	0	2
DEL00001216	0	0	0	0	1	12	0	0	0	0	0	0
DEL00001218	0	0	0	0	1	12	0	0	0	0	0	0
DEL00001219	0	0	0	0	1	12	0	0	0	0	0	0
DEL00001230	0	0	0	0	1	14	0	0	0	0	0	0
DEL00001233	0	0	0	0	1	20	0	2	0	0	0	0
DEL00001235	0	0	0	0	1	15	0	0	0	0	1	0
DEL00001242	0	0	0	0	2	4	0	0	0	0	0	0
DEL00001243	0	0	0	0	1	4	0	0	0	0	0	0
DEL00001244	0	0	0	0	1	4	0	0	0	0	0	0
DEL00001252	0	0	0	0	1	4	0	0	0	0	0	0
DEL00001259	0	0	0	0	1	4	0	0	0	0	0	0
DEL00001260	0	0	0	0	1	6	0	2	0	0	0	0
DEL00001262	0	0	0	0	1	4	0	0	0	0	0	0
DEL00001264	0	0	0	0	1	4	0	0	0	0	0	0
DEL00001268	0	0	0	0	1	4	0	0	0	0	0	0
DEL00001269	0	0	0	0	1	4	0	0	0	0	0	0
DEL00001271	0	0	0	0	1	5	2	0	0	0	0	0
DEL00001279	0	0	0	0	1	5	2	0	0	0	0	0
DEL00001286	0	0	0	0	1	4	0	0	0	0	0	0
DEL00001287	0	0	0	0	2	4	0	0	0	0	0	0
DEL00001290	0	0	0	0	1	4	0	0	0	0	0	0
DEL00001298	0	0	0	0	1	2	0	0	0	0	0	2
DEL00001350	0	0	0	0	1	4	0	0	0	0	0	0
DEL00001354	0	0	0	0	1	7	0	2	0	0	0	0
DEL00001355	0	0	0	0	1	4	0	0	0	0	0	0
DEL00001363	0	0	0	0	1	1	1	0	0	0	0	0
DEL00001367	0	0	0	0	1	1	2	0	0	0	0	0
DEL00001369	0	0	0	0	1	1	2	0	0	0	0	0
DEL00001370	0	0	0	0	1	1	2	0	0	0	0	0
DEL00001375	0	0	0	0	1	2	3	0	0	0	0	0
DEL00001389	0	0	0	0	1	9	0	0	0	5	0	0
DEL00001390	0	0	0	0	1	9	0	0	0	5	0	0
DEL00001392	0	0	0	0	1	11	0	0	0	6	0	0
DEL00001393	0	0	0	0	1	15	0	0	0	10	0	0
DEL00001395	0	0	0	0	1	5	0	2	0	0	0	0
DEL00001399	0	0	0	0	1	10	0	0	0	0	0	2
DEL00001400	0	0	0	0	1	9	0	0	0	0	0	1
DEL00001401	0	0	0	0	1	7	0	0	0	0	0	1
DEL00001402	0	0	0	0	1	7	1	0	0	0	0	0
DEL00001403	0	0	0	0	1	6	0	0	0	0	0	0
DEL00001407	0	0	0	0	1	8	0	0	0	0	0	0
DEL00001414	0	0	0	0	1	8	0	0	0	0	0	0
DEL00001416	0	0	0	0	1	8	0	0	0	0	0	0
DEL00001417	0	0	0	0	1	8	0	0	0	0	0	0
DEL00001422	0	0	0	0	1	16	0	0	0	0	0	0
DEL00001426	0	0	0	0	1	16	0	0	0	0	0	0
DEL00001427	0	0	0	0	1	16	0	0	0	0	0	0
DEL00001436	0	0	0	0	1	17	0	0	0	0	0	0
DEL00001437	0	0	0	0	1	17	0	0	0	0	0	0
DEL00001440	0	0	0	0	1	17	0	0	0	0	0	0
DEL00001441	0	0	0	0	1	17	0	0	0	0	0	0
DEL00001442	0	0	0	0	1	17	0	0	0	0	0	0
DEL00001448	0	0	0	0	1	15	0	0	0	0	0	0
DEL00001452	0	0	0	0	1	15	0	0	0	0	0	0
DEL00001456	0	0	0	0	1	16	0	0	0	0	0	0
DEL00001471	0	0	0	0	1	13	1	0	0	0	0	0
DEL00001473	0	0	0	0	1	12	0	0	0	0	0	0
DEL00001476	0	0	0	0	1	12	0	0	0	0	0	0
DEL00001480	0	0	0	0	1	12	0	0	0	0	0	0
DEL00001481	0	0	0	0	1	12	0	0	0	0	0	0
DEL00001482	0	0	0	0	1	16	0	0	0	0	0	0
DEL00001484	0	0	0	0	1	17	0	0	0	0	0	0
DEL00001485	0	0	0	0	1	17	0	0	0	0	0	0
DEL00001486	0	0	0	0	1	17	0	0	0	0	0	0
DEL00001487	0	0	0	0	1	16	0	0	0	0	0	0
DEL00001488	0	0	0	0	1	21	0	0	0	2	0	0
DEL00001493	0	0	0	0	1	13	0	0	0	0	0	0
DEL00001496	0	0	0	0	1	15	0	0	0	0	0	2
DEL00001497	0	0	0	0	1	15	0	0	0	0	0	2
DEL00001498	0	0	0	0	1	15	0	0	0	0	0	2
DEL00001501	0	0	0	0	1	13	2	0	0	0	0	0
DEL00001503	0	0	0	0	1	15	0	2	0	0	0	0
DEL00001505	0	0	0	0	1	14	1	0	0	0	0	0
DEL00001508	0	0	0	0	1	13	0	0	0	0	0	0
DEL00001510	0	0	0	0	1	9	0	0	0	0	0	0
DEL00001512	0	0	0	0	1	9	0	0	0	0	0	0
DEL00001513	0	0	0	0	1	11	0	0	0	0	0	0
DEL00001514	0	0	0	0	1	11	0	0	0	0	0	0
DEL00001521	0	0	0	0	1	10	0	0	0	0	0	0
DEL00001522	0	0	0	0	1	12	2	0	0	0	0	0
DEL00001523	0	0	0	0	1	12	2	0	0	0	0	0
DEL00001526	0	0	0	0	1	8	0	0	0	0	0	0
DEL00001528	0	0	0	0	1	8	0	0	0	0	0	0
DEL00001530	0	0	0	0	1	8	0	0	0	0	0	0
DEL00001535	0	0	0	0	1	8	0	0	0	0	0	0
DEL00001543	0	0	0	0	1	4	0	0	0	0	0	0
DEL00001547	0	0	0	0	1	4	0	0	0	0	0	0
DEL00001549	0	0	0	0	1	4	0	0	0	0	0	0
DEL00001550	0	0	0	0	1	4	0	0	0	0	0	0
DEL00001557	0	0	0	0	1	1	2	0	0	2	0	0
DEL00001559	0	0	0	0	1	3	0	0	0	0	0	0
DEL00001569	0	0	0	0	1	3	0	0	0	0	0	0
DEL00001575	0	0	0	0	2	5	0	0	0	0	0	0
DEL00001576	0	0	0	0	1	5	0	0	0	0	0	0
DEL00001583	0	0	0	0	1	3	0	0	0	0	0	0
DEL00001588	0	0	0	0	1	5	0	2	0	0	0	0
DEL00001604	0	0	0	0	1	0	0	0	0	0	0	0
DEL00001608	0	0	0	0	1	0	0	0	0	0	0	0
DEL00001611	0	0	0	0	1	0	0	0	0	0	0	0
DEL00001614	0	0	0	0	1	0	2	0	0	0	0	0
DEL00001615	0	0	0	0	1	0	0	0	0	0	0	0
DEL00001617	0	0	0	0	2	0	0	0	0	0	0	0
DEL00001624	0	0	0	0	1	2	0	2	0	0	0	0
DEL00001632	0	0	0	0	1	5	0	0	0	0	0	0
DEL00001635	0	0	0	0	1	5	0	0	0	0	0	0
DEL00001693	0	0	0	0	1	30	4	2	0	0	0	2
DEL00001698	0	0	0	0	1	29	0	0	0	0	0	2
DEL00001700	0	0	0	0	3	27	0	0	0	0	0	0
DEL00001702	0	0	0	0	3	27	0	0	0	0	0	0
DEL00001706	0	0	0	0	1	27	0	0	0	0	0	0
DEL00001707	0	0	0	0	1	29	0	2	0	0	0	0
DEL00001721	0	0	0	0	1	26	0	0	0	0	0	0
DEL00001723	0	0	0	0	1	25	0	0	0	0	0	0
DEL00001727	0	0	0	0	1	25	0	0	0	0	0	0
DEL00001731	0	0	0	0	1	25	0	0	0	0	0	0
DEL00001735	0	0	0	0	1	25	2	0	0	0	0	0
DEL00001738	0	0	0	0	1	21	0	0	0	0	0	0
DEL00001750	0	0	0	0	1	18	0	0	0	0	0	0
DEL00001751	0	0	0	0	1	18	0	0	0	0	0	0
DEL00001754	0	0	0	0	1	18	0	0	0	0	0	0
DEL00001758	0	0	0	0	1	18	4	0	0	0	0	0
DEL00001761	0	0	0	0	1	20	3	0	0	0	0	4
DEL00001764	0	0	0	0	1	14	3	0	0	0	0	0
DEL00001765	0	0	0	0	1	14	0	0	0	0	0	0
DEL00001773	0	0	0	0	1	14	0	0	0	0	0	0
DEL00001782	0	0	0	0	2	15	0	0	0	0	0	0
DEL00001789	0	0	0	0	2	9	0	0	0	0	0	0
DEL00001797	0	0	0	0	1	10	1	0	0	0	0	0
DEL00001803	0	0	0	0	1	11	0	0	0	0	0	0
DEL00001817	0	0	0	0	1	13	0	0	0	0	0	0
DEL00001823	0	0	0	0	1	11	0	0	0	0	0	0
DEL00001828	0	0	0	0	1	13	0	0	0	2	0	0
DEL00001829	0	0	0	0	1	15	0	2	0	0	0	0
DEL00001832	0	0	0	0	1	13	0	0	0	0	0	0
DEL00001834	0	0	0	0	1	15	0	0	0	0	0	0
DEL00001840	0	0	0	0	1	17	0	0	0	0	0	0
DEL00001842	0	0	0	0	1	22	0	0	0	2	0	1
DEL00001851	0	0	0	0	1	16	0	0	0	0	0	0
DEL00001854	0	0	0	0	1	16	0	0	0	0	0	0
DEL00001864	0	0	0	0	4	10	0	0	0	0	0	0
DEL00001869	0	0	0	0	1	10	0	0	0	0	0	0
DEL00001872	0	0	0	0	1	8	0	0	0	2	0	0
DEL00001874	0	0	0	0	1	6	0	0	0	0	0	0
DEL00001877	0	0	0	0	1	6	0	2	0	0	0	0
DEL00001879	0	0	0	0	1	4	0	0	0	0	0	0
DEL00001880	0	0	0	0	1	6	0	2	0	0	0	0
DEL00001888	0	0	0	0	1	4	0	2	0	0	0	0
DEL00001895	0	0	0	0	1	0	0	0	0	0	0	0
DEL00001905	0	0	0	0	1	0	0	0	0	0	0	0
DEL00001912	0	0	0	0	1	1	0	0	0	0	0	0
DEL00001915	0	0	0	0	1	1	0	0	0	0	0	0
DEL00001923	0	0	0	0	1	5	0	0	2	0	0	0
DEL00001925	0	0	0	0	1	4	1	0	0	0	0	0
DEL00001926	0	0	0	0	1	18	1	2	4	0	0	2
DEL00001929	0	0	0	0	1	5	0	0	0	0	0	0
DEL00001935	0	0	0	0	1	5	0	0	0	0	0	0
DEL00001936	0	0	0	0	1	7	0	2	0	0	0	0
DEL00001938	0	0	0	0	1	9	0	0	0	0	0	2
DEL00001942	0	0	0	0	1	7	0	0	0	0	0	0
DEL00001983	0	0	0	0	1	16	0	2	0	2	0	1
DEL00001984	0	0	0	0	1	9	0	0	0	0	0	0
DEL00001985	0	0	0	0	1	10	1	2	0	0	0	0
DEL00001992	0	0	0	0	1	9	0	0	0	0	0	0
DEL00002001	0	0	0	0	1	11	0	0	0	0	0	0
DEL00002002	0	0	0	0	1	11	0	0	0	0	0	0
DEL00002009	0	0	0	0	1	11	0	2	0	0	0	0
DEL00002010	0	0	0	0	1	11	0	2	0	0	0	0
DEL00002013	0	0	0	0	1	9	0	0	0	0	0	0
DEL00002017	0	0	0	0	1	9	0	0	0	0	0	0
DEL00002019	0	0	0	0	2	9	0	0	0	0	0	0
DEL00002022	0	0	0	0	1	11	0	0	0	0	0	0
DEL00002026	0	0	0	0	1	9	0	0	0	0	0	0
DEL00002028	0	0	0	0	1	11	0	2	0	0	0	0
DEL00002029	0	0	0	0	1	9	0	0	0	0	0	0
DEL00002031	0	0	0	0	1	9	0	0	0	0	0	0
DEL00002055	0	0	0	0	1	12	0	0	0	0	0	3
DEL00002057	0	0	0	0	1	9	0	0	0	0	0	0
DEL00002071	0	0	0	0	1	9	0	0	0	0	0	0
DEL00002074	0	0	0	0	1	7	0	0	0	0	0	0
DEL00002078	0	0	0	0	1	5	0	0	0	0	0	0
DEL00002083	0	0	0	0	1	5	0	0	0	0	0	0
DEL00002092	0	0	0	0	1	5	0	0	0	0	0	0
DEL00002094	0	0	0	0	1	5	0	0	0	0	0	0
DEL00002099	0	0	0	0	1	4	0	0	0	0	0	0
DEL00002110	0	0	0	0	1	6	2	0	0	0	0	2
DEL00002117	0	0	0	0	1	2	0	0	0	0	0	0
DEL00002119	0	0	0	0	1	2	0	0	0	0	0	0
DEL00002120	0	0	0	0	1	2	0	0	0	0	0	0
DEL00002124	0	0	0	0	1	2	0	0	0	0	0	0
DEL00002129	0	0	0	0	1	2	0	0	0	0	0	0
DEL00002130	0	0	0	0	1	2	0	0	0	0	0	0
DEL00002138	0	0	0	0	1	4	0	0	0	0	0	0
DEL00002145	0	0	0	0	1	0	0	0	0	0	0	0
DEL00002163	0	0	0	0	1	0	0	0	0	0	0	0
DEL00002164	0	0	0	0	1	0	0	0	0	0	0	0
DEL00002165	0	0	0	0	1	0	0	0	0	0	0	0
DEL00002166	0	0	0	0	1	2	0	2	0	0	0	0
DEL00002167	0	0	0	0	1	0	0	0	0	0	0	0
DEL00002173	0	0	0	0	1	0	0	0	0	0	0	0
DEL00002174	0	0	0	0	1	0	0	0	0	0	0	0
DEL00002177	0	0	0	0	1	0	0	0	0	0	0	0
DEL00002178	0	0	0	0	1	0	0	0	0	0	0	0
DEL00002181	0	0	0	0	1	6	0	0	0	2	0	0
DEL00002183	0	0	0	0	1	7	0	0	0	2	0	0
DEL00002186	0	0	0	0	1	4	0	0	0	0	0	0
DEL00002187	0	0	0	0	1	8	2	2	0	0	0	0
DEL00002188	0	0	0	0	1	6	2	0	0	0	0	0
DEL00002189	0	0	0	0	1	10	2	0	0	0	0	0
DEL00002192	0	0	0	0	1	11	6	0	0	0	0	0
DEL00002193	0	0	0	0	1	11	6	0	0	0	0	0
DEL00002196	0	0	0	0	1	11	6	0	0	0	0	0
DEL00002199	0	0	0	0	1	10	6	0	0	0	0	0
DEL00002202	0	0	0	0	1	10	4	0	0	0	0	0
DEL00002209	0	0	0	0	1	9	2	0	0	0	0	0
DEL00002214	0	0	0	0	2	10	0	2	0	0	0	0
DEL00002220	0	0	0	0	1	8	0	0	0	0	0	0
DEL00002224	0	0	0	0	1	8	0	0	0	0	0	0
DEL00002226	0	0	0	0	1	9	1	0	0	0	0	0
DEL00002236	0	0	0	0	1	5	0	0	0	0	0	0
DEL00002240	0	0	0	0	1	5	0	0	0	0	0	0
DEL00002241	0	0	0	0	1	7	0	2	0	0	0	0
DEL00002246	0	0	0	0	1	5	0	0	0	0	0	0
DEL00002247	0	0	0	0	1	5	0	0	0	0	0	0
DEL00002248	0	0	0	0	2	5	0	0	0	0	0	0
DEL00002251	0	0	0	0	1	6	1	0	0	0	0	0
DEL00002255	0	0	0	0	1	6	0	0	0	0	0	0
DEL00002259	0	0	0	0	1	6	0	0	0	0	0	0
DEL00002261	0	0	0	0	1	6	0	0	0	0	0	0
DEL00002262	0	0	0	0	1	6	0	0	0	0	0	0
DEL00002268	0	0	0	0	1	5	0	0	0	0	0	0
DEL00002269	0	0	0	0	1	5	0	0	0	0	0	0
DEL00002270	0	0	0	0	2	3	0	0	0	0	0	0
DEL00002275	0	0	0	0	1	12	6	0	0	0	0	0
DEL00002276	0	0	0	0	1	12	6	0	0	0	0	0
DEL00002279	0	0	0	0	1	12	6	0	0	0	0	0
DEL00002284	0	0	0	0	1	6	0	0	0	0	0	0
DEL00002285	0	0	0	0	1	9	1	2	0	0	0	0
DEL00002286	0	0	0	0	1	6	1	0	0	0	0	0
DEL00002287	0	0	0	0	1	6	0	0	0	0	0	0
DEL00002293	0	0	0	0	1	6	0	0	0	0	0	0
DEL00002294	0	0	0	0	1	6	0	0	0	0	0	0
DEL00002296	0	0	0	0	1	8	0	2	0	0	0	0
DEL00002301	0	0	0	0	1	6	0	0	0	0	0	0
DEL00002304	0	0	0	0	1	10	0	0	0	0	5	0
DEL00002308	0	0	0	0	1	7	0	0	0	0	0	0
DEL00002311	0	0	0	0	1	7	0	0	0	0	0	0
DEL00002313	0	0	0	0	1	7	0	0	0	0	0	0
DEL00002318	0	0	0	0	1	9	0	0	0	0	0	0
DEL00002326	0	0	0	0	3	6	0	0	0	0	0	0
DEL00002345	0	0	0	0	1	4	0	2	0	0	0	0
DEL00002349	0	0	0	0	1	2	0	0	0	0	0	0
DEL00002364	0	0	0	0	1	0	0	0	0	0	0	0
DEL00002366	0	0	0	0	1	0	0	0	0	0	0	0
DEL00002379	0	0	0	0	1	2	0	0	0	0	0	0
DEL00002383	0	0	0	0	1	3	0	0	0	0	0	0
DEL00002384	0	0	0	0	1	3	0	0	0	0	0	0
DEL00002385	0	0	0	0	1	3	0	0	0	0	0	0
DEL00002387	0	0	0	0	1	3	0	0	0	0	0	0
DEL00002390	0	0	0	0	1	6	2	0	0	0	0	0
DEL00002393	0	0	0	0	1	3	0	0	0	0	0	0
DEL00002394	0	0	0	0	2	5	0	2	0	0	0	0
DEL00002396	0	0	0	0	1	5	0	0	0	0	0	0
DEL00002397	0	0	0	0	1	5	0	0	0	0	0	0
DEL00002400	0	0	0	0	1	5	0	0	0	0	0	0
DEL00002402	0	0	0	0	1	6	0	0	0	0	0	0
DEL00002415	0	0	0	0	2	10	2	0	0	0	0	0
DEL00002487	0	0	0	0	1	86	95	2	10	4	4	0
DEL00002521	0	0	0	0	1	79	92	0	10	4	4	0
DEL00002553	0	0	0	0	1	62	64	0	11	0	5	0
DEL00002585	0	0	0	0	1	32	0	0	0	0	0	0
DEL00002586	0	0	0	0	1	34	0	0	0	0	3	0
DEL00002587	0	0	0	0	1	34	0	2	0	0	0	0
DEL00002597	0	0	0	0	1	34	0	0	0	2	0	0
DEL00002599	0	0	0	0	1	36	2	0	0	4	0	0
DEL00002601	0	0	0	0	1	36	0	0	0	2	0	0
DEL00002613	0	0	0	0	1	29	0	0	0	0	0	0
DEL00002615	0	0	0	0	2	29	0	0	0	0	0	0
DEL00002624	0	0	0	0	1	29	0	0	0	0	0	0
DEL00002627	0	0	0	0	1	30	0	0	0	0	0	0
DEL00002628	0	0	0	0	1	28	1	0	0	0	0	0
DEL00002632	0	0	0	0	1	28	0	0	0	0	0	0
DEL00002633	0	0	0	0	1	28	0	0	0	0	0	0
DEL00002634	0	0	0	0	1	28	0	0	0	0	0	0
DEL00002635	0	0	0	0	1	28	0	0	0	0	0	0
DEL00002637	0	0	0	0	1	28	0	0	0	0	0	0
DEL00002638	0	0	0	0	1	28	0	0	0	0	0	0
DEL00002643	0	0	0	0	1	26	0	0	0	0	0	0
DEL00002646	0	0	0	0	1	28	0	2	0	0	0	0
DEL00002648	0	0	0	0	1	25	0	0	0	0	0	0
DEL00002649	0	0	0	0	3	25	0	0	0	0	0	0
DEL00002650	0	0	0	0	1	20	0	0	0	0	0	0
DEL00002656	0	0	0	0	1	19	0	0	0	0	0	0
DEL00002660	0	0	0	0	1	18	0	0	0	0	0	0
DEL00002661	0	0	0	0	1	18	0	0	0	0	0	0
DEL00002665	0	0	0	0	1	17	0	0	0	0	0	0
DEL00002668	0	0	0	0	2	17	0	0	0	0	0	0
DEL00002670	0	0	0	0	1	17	0	0	0	0	0	0
DEL00002672	0	0	0	0	1	17	0	0	0	0	0	0
DEL00002678	0	0	0	0	1	15	0	0	0	0	0	0
DEL00002681	0	0	0	0	1	15	2	0	0	0	0	0
DEL00002682	0	0	0	0	48	13	0	0	0	0	0	0
DEL00002686	0	0	0	0	1	11	0	0	0	0	0	0
DEL00002689	0	0	0	0	1	12	0	0	0	0	0	0
DEL00002690	0	0	0	0	1	12	0	0	0	0	0	0
DEL00002695	0	0	0	0	1	13	0	2	0	0	0	0
DEL00002698	0	0	0	0	1	11	0	0	0	0	0	0
DEL00002710	0	0	0	0	1	3	0	0	0	0	0	0
DEL00002714	0	0	0	0	1	3	0	0	0	0	0	0
DEL00002731	0	0	0	0	1	3	0	0	0	0	0	0
DEL00002732	0	0	0	0	1	3	0	0	0	0	0	0
DEL00002735	0	0	0	0	1	3	0	0	0	0	0	2
DEL00002736	0	0	0	0	1	1	0	0	0	0	0	0
DEL00002739	0	0	0	0	1	1	0	0	0	0	0	0
DEL00002741	0	0	0	0	1	1	0	0	0	0	0	0
DEL00002752	0	0	0	0	1	0	0	0	0	0	0	0
DEL00002762	0	0	0	0	2	6	0	2	0	0	0	0
DEL00002790	0	0	0	0	1	7	2	0	0	0	0	0
DEL00002794	0	0	0	0	1	7	2	0	0	0	0	0
DEL00002799	0	0	0	0	1	10	3	0	0	0	0	0
DEL00002807	0	0	0	0	1	10	4	0	0	0	0	0
DEL00002809	0	0	0	0	1	9	2	0	0	0	0	0
DEL00002818	0	0	0	0	1	6	0	0	0	0	0	0
DEL00002819	0	0	0	0	1	7	0	0	0	0	0	0
DEL00002827	0	0	0	0	1	8	2	0	0	0	0	0
DEL00002830	0	0	0	0	1	8	2	0	0	0	0	0
DEL00002838	0	0	0	0	1	3	0	0	0	0	0	0
DEL00002840	0	0	0	0	1	5	0	2	0	0	0	0
DEL00002842	0	0	0	0	1	3	0	0	0	0	0	0
DEL00002848	0	0	0	0	1	5	0	2	0	0	0	0
DEL00002865	0	0	0	0	1	1	0	0	0	0	0	0
DEL00002867	0	0	0	0	1	3	0	2	0	0	0	0
DEL00002880	0	0	0	0	1	3	0	0	0	0	0	0
DEL00002888	0	0	0	0	1	3	0	0	0	0	0	0
DEL00002894	0	0	0	0	1	3	0	0	0	0	0	0
DEL00002896	0	0	0	0	1	5	0	0	0	0	0	0
DEL00002898	0	0	0	0	1	3	0	0	0	0	0	0
DEL00002900	0	0	0	0	1	3	0	0	0	0	0	0
DEL00002902	0	0	0	0	1	3	0	0	0	0	0	0
DEL00002903	0	0	0	0	1	5	0	2	0	0	0	0
DEL00002904	0	0	0	0	1	3	0	0	0	0	0	0
DEL00002907	0	0	0	0	1	3	0	0	0	0	0	0
DEL00002909	0	0	0	0	1	3	0	0	0	0	0	0
DEL00002912	0	0	0	0	2	3	0	0	0	0	0	0
DEL00002913	0	0	0	0	1	3	0	0	0	0	0	0
DEL00002920	0	0	0	0	1	3	0	0	0	0	0	0
DEL00002925	0	0	0	0	1	3	0	0	0	0	0	0
DEL00002926	0	0	0	0	1	1	0	0	0	0	0	0
DEL00002935	0	0	0	0	1	1	0	0	0	0	0	0
DEL00002939	0	0	0	0	1	1	0	0	0	0	0	0
DEL00002940	0	0	0	0	1	1	0	0	0	0	0	0
DEL00002944	0	0	0	0	1	1	0	0	0	0	0	0
DEL00002950	0	0	0	0	1	4	0	2	2	0	0	0
DEL00002958	0	0	0	0	1	0	0	0	0	0	0	0
DEL00002970	0	0	0	0	1	0	0	0	0	0	0	0
DEL00002972	0	0	0	0	1	0	0	0	0	0	0	0
DEL00002975	0	0	0	0	1	2	0	0	0	0	0	0
DEL00002982	0	0	0	0	1	6	0	2	0	2	0	0
DEL00002987	0	0	0	0	1	6	0	0	0	2	0	0
DEL00002996	0	0	0	0	1	6	0	0	0	0	0	0
DEL00002997	0	0	0	0	1	6	0	0	0	0	0	0
DEL00003004	0	0	0	0	1	6	0	0	0	0	0	0
DEL00003005	0	0	0	0	1	6	0	0	0	0	0	0
DEL00003006	0	0	0	0	1	6	0	0	0	0	0	0
DEL00003012	0	0	0	0	1	5	0	0	0	0	0	0
DEL00003015	0	0	0	0	1	9	0	0	0	2	0	0
DEL00003025	0	0	0	0	1	9	0	0	0	0	0	0
DEL00003035	0	0	0	0	1	10	0	0	0	0	0	0
DEL00003036	0	0	0	0	1	10	0	0	0	0	0	0
DEL00003037	0	0	0	0	1	10	0	0	0	0	0	0
DEL00003039	0	0	0	0	2	10	0	0	0	0	0	0
DEL00003055	0	0	0	0	3	13	0	0	0	0	0	0
DEL00003064	0	0	0	0	1	20	2	2	0	0	0	0
DEL00003065	0	0	0	0	1	21	3	0	0	0	2	0
DEL00003067	0	0	0	0	1	18	2	0	0	0	0	0
DEL00003068	0	0	0	0	1	18	2	0	0	0	0	0
DEL00003069	0	0	0	0	1	18	2	0	0	0	0	0
DEL00003071	0	0	0	0	1	18	0	0	0	0	2	0
DEL00003074	0	0	0	0	1	16	0	0	0	0	0	0
DEL00003076	0	0	0	0	1	16	0	0	0	0	0	0
DEL00003077	0	0	0	0	1	16	2	0	0	0	0	0
DEL00003089	0	0	0	0	1	18	0	0	0	2	0	0
DEL00003095	0	0	0	0	1	19	1	0	0	0	0	0
DEL00003104	0	0	0	0	1	19	2	0	0	0	0	0
DEL00003106	0	0	0	0	5	20	0	2	0	0	0	0
DEL00003107	0	0	0	0	1	20	0	2	0	0	0	0
DEL00003108	0	0	0	0	1	18	0	0	0	0	0	0
DEL00003114	0	0	0	0	1	18	0	2	0	0	0	0
DEL00003116	0	0	0	0	1	16	0	0	0	0	0	0
DEL00003124	0	0	0	0	2	16	0	0	0	0	0	0
DEL00003125	0	0	0	0	1	17	1	0	0	0	0	0
DEL00003126	0	0	0	0	1	17	1	0	0	0	0	0
DEL00003132	0	0	0	0	1	17	1	0	0	0	0	0
DEL00003140	0	0	0	0	1	17	4	0	0	0	0	0
DEL00003145	0	0	0	0	1	18	0	0	0	0	0	0
DEL00003148	0	0	0	0	1	18	0	0	0	0	0	0
DEL00003153	0	0	0	0	1	27	0	0	0	2	0	0
DEL00003157	0	0	0	0	1	24	0	0	0	0	0	0
DEL00003158	0	0	0	0	1	20	0	0	0	0	0	0
DEL00003165	0	0	0	0	1	18	0	0	0	0	0	0
DEL00003197	0	0	0	0	1	20	123	0	0	0	1	0
DEL00003202	0	0	0	0	1	22	161	0	5	1	1	0
DEL00003204	0	0	0	0	1	9	138	2	2	0	0	0
DEL00003216	0	0	0	0	2	1	0	0	0	0	0	0
DEL00003217	0	0	0	0	1	1	0	0	0	0	0	0
DEL00003223	0	0	0	0	1	1	0	0	0	0	0	0
DEL00003225	0	0	0	0	1	1	0	0	0	0	3	0
DEL00003237	0	0	0	0	1	12	4	0	0	0	3	0
DEL00003239	0	0	0	0	1	12	4	0	0	0	3	0
DEL00003240	0	0	0	0	1	10	4	0	0	0	0	0
DEL00003244	0	0	0	0	2	1	1	0	0	0	0	0
DEL00003251	0	0	0	0	1	1	2	0	0	0	0	0
DEL00003255	0	0	0	0	1	1	1	0	0	0	0	0
DEL00003258	0	0	0	0	1	0	0	0	0	0	0	0
DEL00003261	0	0	0	0	1	0	0	0	0	0	0	0
DEL00003262	0	0	0	0	1	0	0	0	0	0	0	0
DEL00003263	0	0	0	0	1	0	0	0	0	0	0	0
DEL00003283	0	0	0	0	1	0	26	0	0	0	0	0
DEL00003284	0	0	0	0	1	0	26	0	0	0	0	0
DEL00003290	0	0	0	0	1	0	0	0	0	0	0	0
DEL00003292	0	0	0	0	1	0	0	0	0	0	0	0
DEL00003302	0	0	0	0	1	2	0	0	0	0	0	0
DEL00003306	0	0	0	0	1	2	0	0	0	0	0	0
DEL00003320	0	0	0	0	1	2	0	0	0	0	0	0
DEL00003324	0	0	0	0	1	0	2	0	0	0	0	0
DEL00003330	0	0	0	0	3	2	0	0	0	0	0	0
DEL00003332	0	0	0	0	1	2	0	0	0	0	0	0
DEL00003341	0	0	0	0	1	0	0	0	0	0	0	0
DEL00003348	0	0	0	0	1	0	0	0	0	0	0	0
DEL00003356	0	0	0	0	4	1	0	0	0	0	0	0
DEL00003363	0	0	0	0	1	1	0	0	0	0	0	0
DEL00003383	0	0	0	0	1	0	0	0	0	0	0	0
DEL00003387	0	0	0	0	2	0	0	0	0	0	0	0
DEL00003395	0	0	0	0	1	0	0	0	0	0	0	0
DEL00003402	0	0	0	0	1	0	0	0	0	0	0	0
DEL00003411	0	0	0	0	1	2	0	0	0	0	0	0
DEL00003415	0	0	0	0	1	2	0	0	0	0	0	0
DEL00003432	0	0	0	0	1	5	0	0	0	0	0	0
DEL00003434	0	0	0	0	1	4	0	0	0	0	0	0
DEL00003435	0	0	0	0	1	6	0	2	0	0	0	0
DEL00003443	0	0	0	0	2	4	0	0	0	0	0	0
DEL00003456	0	0	0	0	1	5	0	0	0	0	0	0
DEL00003463	0	0	0	0	1	3	0	0	0	0	0	0
DEL00003464	0	0	0	0	1	3	0	0	0	0	0	0
DEL00003470	0	0	0	0	1	3	2	0	0	0	0	0
DEL00003474	0	0	0	0	1	1	2	0	0	0	0	0
DEL00003479	0	0	0	0	1	1	0	0	0	0	0	0
DEL00003482	0	0	0	0	1	8	0	2	0	4	0	0
DEL00003493	0	0	0	0	1	3	0	0	0	0	0	0
DEL00003495	0	0	0	0	1	3	0	0	0	0	0	0
DEL00003504	0	0	0	0	1	10	0	0	0	4	0	0
DEL00003505	0	0	0	0	1	4	0	0	0	0	0	0
DEL00003506	0	0	0	0	1	2	0	0	0	0	0	0
DEL00003507	0	0	0	0	1	2	0	0	0	0	0	0
DEL00003510	0	0	0	0	1	2	0	0	0	0	0	0
DEL00003511	0	0	0	0	1	2	0	0	0	0	0	0
DEL00003515	0	0	0	0	1	2	0	0	0	0	0	0
DEL00003516	0	0	0	0	1	2	0	0	0	0	0	0
DEL00003519	0	0	0	0	1	4	0	2	0	0	0	0
DEL00003523	0	0	0	0	1	3	0	0	0	0	0	0
DEL00003524	0	0	0	0	1	3	0	0	0	0	0	0
DEL00003535	0	0	0	0	1	3	0	0	0	0	0	0
DEL00003541	0	0	0	0	1	3	0	0	0	0	0	0
DEL00003566	0	0	0	0	1	2	0	0	0	0	0	0
DEL00003568	0	0	0	0	1	2	0	0	0	0	0	0
DEL00003569	0	0	0	0	1	2	0	0	0	0	0	0
DEL00003574	0	0	0	0	1	0	0	0	0	0	0	0
DEL00003576	0	0	0	0	1	2	0	2	0	0	0	0
DEL00003595	0	0	0	0	1	0	0	0	0	0	0	0
DEL00003596	0	0	0	0	1	0	0	0	0	0	0	0
DEL00003597	0	0	0	0	7	0	0	0	0	0	0	0
DEL00003599	0	0	0	0	1	2	0	2	0	0	0	0
DEL00003600	0	0	0	0	1	0	0	0	0	0	0	0
DEL00003601	0	0	0	0	1	0	0	0	0	0	0	0
DEL00003602	0	0	0	0	1	2	0	2	0	0	0	0
DEL00003603	0	0	0	0	1	0	0	0	0	0	0	0
DEL00003606	0	0	0	0	1	2	0	0	2	0	0	0
DEL00003607	0	0	0	0	1	0	0	0	0	0	0	0
DEL00003629	0	0	0	0	1	5	0	0	0	0	0	0
DEL00003631	0	0	0	0	1	7	0	2	0	0	0	0
DEL00003634	0	0	0	0	1	3	0	0	0	0	0	0
DEL00003648	0	0	0	0	1	11	0	0	0	0	0	0
DEL00003653	0	0	0	0	1	19	0	2	0	2	0	0
DEL00003656	0	0	0	0	1	13	0	0	0	0	0	0
DEL00003658	0	0	0	0	1	13	0	0	0	0	0	0
DEL00003660	0	0	0	0	1	14	4	0	0	0	0	0
DEL00003662	0	0	0	0	1	12	0	0	0	0	0	0
DEL00003666	0	0	0	0	1	16	0	2	0	0	0	0
DEL00003680	0	0	0	0	1	12	0	0	0	0	0	0
DEL00003690	0	0	0	0	1	10	0	0	0	0	0	0
DEL00003691	0	0	0	0	1	10	0	0	0	0	0	0
DEL00003696	0	0	0	0	1	18	0	2	0	0	0	0
DEL00003705	0	0	0	0	1	18	0	0	0	0	0	0
DEL00003714	0	0	0	0	1	18	1	0	0	0	0	0
DEL00003716	0	0	0	0	1	18	1	0	0	0	0	0
DEL00003721	0	0	0	0	1	19	0	0	4	0	0	0
DEL00003722	0	0	0	0	1	21	0	0	4	0	0	0
DEL00003724	0	0	0	0	1	23	0	2	4	0	0	0
DEL00003734	0	0	0	0	4	23	0	0	4	0	0	0
DEL00003741	0	0	0	0	1	25	0	0	4	0	0	0
DEL00003743	0	0	0	0	1	23	0	0	4	0	0	0
DEL00003745	0	0	0	0	1	23	0	0	4	0	0	0
DEL00003772	0	0	0	0	1	51	10	4	5	0	2	0
DEL00003778	0	0	0	0	1	20	0	0	0	0	0	0
DEL00003783	0	0	0	0	1	20	0	0	6	0	0	0
DEL00003788	0	0	0	0	1	22	0	0	0	0	0	0
DEL00003790	0	0	0	0	1	19	1	0	0	0	0	0
DEL00003813	0	0	0	0	1	42	29	0	0	0	5	0
DEL00003824	0	0	0	0	1	23	6	0	0	0	3	0
DEL00003833	0	0	0	0	1	14	0	0	0	0	0	0
DEL00003839	0	0	0	0	1	15	0	0	0	0	0	0
DEL00003850	0	0	0	0	1	12	0	0	0	0	0	0
DEL00003852	0	0	0	0	1	12	0	0	0	0	0	0
DEL00003858	0	0	0	0	1	12	0	0	0	0	0	0
DEL00003866	0	0	0	0	1	14	0	0	0	0	0	0
DEL00003868	0	0	0	0	1	14	0	0	0	0	0	0
DEL00003869	0	0	0	0	1	14	0	0	0	0	0	0
DEL00003870	0	0	0	0	1	20	0	2	0	4	0	0
DEL00003873	0	0	0	0	1	17	0	0	0	2	0	0
DEL00003874	0	0	0	0	1	14	0	0	0	0	0	0
DEL00003877	0	0	0	0	1	13	0	0	0	0	0	0
DEL00003880	0	0	0	0	1	14	0	0	0	0	0	0
DEL00003881	0	0	0	0	1	14	0	0	0	0	0	0
DEL00003886	0	0	0	0	1	12	0	0	0	0	0	0
DEL00003887	0	0	0	0	1	12	0	0	0	0	0	0
DEL00003891	0	0	0	0	1	13	1	0	0	0	0	0
DEL00003896	0	0	0	0	1	33	4	0	2	3	0	0
DEL00003906	0	0	0	0	1	7	0	0	0	0	0	0
DEL00003914	0	0	0	0	2	8	2	0	0	0	0	0
DEL00003920	0	0	0	0	3	4	0	0	0	0	0	0
DEL00003935	0	0	0	0	1	2	0	0	0	0	0	2
DEL00003936	0	0	0	0	1	0	0	0	0	0	0	0
DEL00003977	0	0	0	0	1	7	2	0	0	0	0	0
DEL00003978	0	0	0	0	1	8	0	2	0	0	0	0
DEL00003979	0	0	0	0	1	8	0	0	0	0	0	0
DEL00003982	0	0	0	0	1	12	0	2	0	0	0	0
DEL00003987	0	0	0	0	1	6	0	2	0	0	0	0
DEL00003997	0	0	0	0	1	6	0	0	0	0	0	0
DEL00003999	0	0	0	0	1	6	0	0	0	0	0	0
DEL00004002	0	0	0	0	1	7	1	0	0	0	0	0
DEL00004004	0	0	0	0	1	6	0	0	0	0	0	0
DEL00004009	0	0	0	0	1	5	0	0	0	0	0	0
DEL00004010	0	0	0	0	1	9	0	0	0	0	0	0
DEL00004011	0	0	0	0	1	9	0	0	0	2	0	0
DEL00004012	0	0	0	0	1	5	0	0	0	0	0	0
DEL00004014	0	0	0	0	1	5	0	0	0	0	0	0
DEL00004015	0	0	0	0	1	7	0	2	0	0	0	0
DEL00004024	0	0	0	0	1	5	0	0	0	0	0	0
DEL00004026	0	0	0	0	1	7	0	2	0	0	0	0
DEL00004027	0	0	0	0	1	7	0	0	0	2	0	0
DEL00004028	0	0	0	0	1	9	0	4	0	0	0	0
DEL00004031	0	0	0	0	1	5	0	0	0	0	0	0
DEL00004037	0	0	0	0	1	5	0	0	0	0	0	0
DEL00004046	0	0	0	0	1	6	1	0	0	0	0	0
DEL00004052	0	0	0	0	4	5	0	0	0	0	0	0
DEL00004066	0	0	0	0	1	5	0	0	0	0	0	0
DEL00004068	0	0	0	0	1	5	0	0	0	0	0	0
DEL00004074	0	0	0	0	1	2	0	0	0	0	0	0
DEL00004089	0	0	0	0	1	2	0	0	0	0	0	0
DEL00004090	0	0	0	0	1	2	0	0	0	0	0	0
DEL00004092	0	0	0	0	1	2	0	0	0	0	0	0
DEL00004093	0	0	0	0	1	2	0	0	0	0	0	0
DEL00004107	0	0	0	0	1	4	0	0	0	0	0	0
DEL00004122	0	0	0	0	2	0	0	0	0	0	0	0
DEL00004124	0	0	0	0	1	0	0	0	0	0	0	0
DEL00004132	0	0	0	0	1	1	1	0	0	0	0	0
DEL00004136	0	0	0	0	1	1	2	0	0	0	0	0
DEL00004138	0	0	0	0	1	1	3	0	0	0	0	0
DEL00004139	0	0	0	0	1	1	3	0	0	0	0	0
DEL00004140	0	0	0	0	1	1	3	0	0	0	0	0
DEL00004141	0	0	0	0	1	1	3	0	0	0	0	0
DEL00004144	0	0	0	0	1	0	0	0	0	0	0	0
DEL00004154	0	0	0	0	1	0	0	0	0	0	0	0
DEL00004156	0	0	0	0	1	0	0	0	0	0	0	0
DEL00004169	0	0	0	0	1	1	0	0	0	0	0	0
DEL00004170	0	0	0	0	1	1	0	0	0	0	0	0
DEL00004171	0	0	0	0	1	1	0	0	0	0	0	0
DEL00004173	0	0	0	0	1	1	0	2	0	0	0	0
DEL00004177	0	0	0	0	1	6	2	0	0	0	2	0
DEL00004191	0	0	0	0	1	4	0	0	0	0	0	1
DEL00004193	0	0	0	0	1	3	0	0	0	0	0	0
DEL00004200	0	0	0	0	1	5	0	0	0	2	0	0
DEL00004203	0	0	0	0	1	3	0	0	0	0	0	0
DEL00004205	0	0	0	0	1	3	0	0	0	0	0	0
DEL00004207	0	0	0	0	1	3	0	0	0	0	0	0
DEL00004208	0	0	0	0	3	3	0	0	0	0	0	0
DEL00004210	0	0	0	0	5	5	0	0	0	0	0	2
DEL00004211	0	0	0	0	1	5	0	0	0	0	0	2
DEL00004212	0	0	0	0	1	3	0	0	0	0	0	0
DEL00004213	0	0	0	0	1	3	0	0	0	0	0	0
DEL00004214	0	0	0	0	1	5	0	0	0	0	0	0
DEL00004216	0	0	0	0	1	5	0	0	0	0	0	0
DEL00004218	0	0	0	0	1	5	0	0	0	0	0	0
DEL00004227	0	0	0	0	1	8	0	0	0	0	0	0
DEL00004229	0	0	0	0	1	10	0	0	0	0	0	0
DEL00004237	0	0	0	0	1	5	0	0	0	0	0	0
DEL00004238	0	0	0	0	1	5	0	0	0	0	0	0
DEL00004246	0	0	0	0	1	5	0	0	0	0	0	0
DEL00004248	0	0	0	0	1	5	0	0	0	0	0	0
DEL00004251	0	0	0	0	1	3	0	0	0	0	0	0
DEL00004256	0	0	0	0	1	3	0	0	0	0	0	0
DEL00004264	0	0	0	0	1	7	0	0	0	0	0	0
DEL00004265	0	0	0	0	1	5	0	0	0	0	0	0
DEL00004268	0	0	0	0	1	5	0	0	0	0	0	0
DEL00004276	0	0	0	0	1	5	4	2	0	0	0	0
DEL00004280	0	0	0	0	1	4	0	0	0	0	1	0
DEL00004281	0	0	0	0	1	3	0	0	0	0	0	0
DEL00004286	0	0	0	0	1	5	0	0	0	0	0	0
DEL00004314	0	0	0	0	1	3	2	0	16	7	4	0
DEL00004319	0	0	0	0	2	4	0	0	0	5	0	0
DEL00004322	0	0	0	0	1	0	0	0	0	0	0	0
DEL00004329	0	0	0	0	1	3	0	0	0	0	0	0
DEL00004331	0	0	0	0	1	3	0	0	0	0	0	0
DEL00004339	0	0	0	0	1	6	0	0	0	0	0	0
DEL00004349	0	0	0	0	1	0	1	0	0	0	0	0
DEL00004351	0	0	0	0	1	1	1	0	0	0	0	0
DEL00004356	0	0	0	0	1	7	0	0	0	0	0	0
DEL00004359	0	0	0	0	1	3	0	0	0	0	0	0
DEL00004361	0	0	0	0	1	3	0	0	0	0	0	0
DEL00004364	0	0	0	0	1	3	0	0	0	0	0	0
DEL00004367	0	0	0	0	1	3	0	0	0	0	0	0
DEL00004368	0	0	0	0	1	4	0	0	0	0	0	1
DEL00004369	0	0	0	0	1	4	0	0	0	0	0	1
DEL00004370	0	0	0	0	1	7	0	0	0	0	0	4
DEL00004372	0	0	0	0	1	3	0	0	0	0	0	0
DEL00004373	0	0	0	0	1	3	0	0	0	0	0	0
DEL00004374	0	0	0	0	1	3	0	0	0	0	0	0
DEL00004376	0	0	0	0	1	5	0	2	0	0	0	0
DEL00004387	0	0	0	0	1	5	0	0	0	0	0	0
DEL00004391	0	0	0	0	3	9	4	0	0	2	0	0
DEL00004423	0	0	0	0	1	6	0	0	0	0	0	0
DEL00004439	0	0	0	0	1	9	0	0	0	0	0	2
DEL00004446	0	0	0	0	1	19	12	0	0	0	4	2
DEL00004478	0	0	0	0	1	28	22	0	13	7	9	0
DEL00004479	0	0	0	0	1	29	28	2	13	7	13	0
DEL00004540	0	0	0	0	1	0	0	0	0	0	0	0
DEL00004567	0	0	0	0	1	2	0	0	0	0	2	0
DEL00004569	0	0	0	0	1	1	2	0	0	0	0	0
DEL00004574	0	0	0	0	1	5	0	2	0	0	0	0
DEL00004578	0	0	0	0	1	3	0	0	0	0	0	0
DEL00004580	0	0	0	0	1	3	0	0	0	0	0	0
DEL00004584	0	0	0	0	1	3	0	0	0	0	0	2
DEL00004590	0	0	0	0	1	3	11	0	0	0	0	0
DEL00004595	0	0	0	0	1	5	2	0	0	0	2	0
DEL00004606	0	0	0	0	1	3	0	0	0	0	0	0
DEL00004607	0	0	0	0	10	3	0	0	0	0	0	0
DEL00004608	0	0	0	0	1	3	0	0	0	0	0	0
DEL00004614	0	0	0	0	1	7	0	0	2	0	2	0
DEL00004615	0	0	0	0	4	7	0	0	2	0	2	0
DEL00004639	0	0	0	0	1	12	4	0	0	0	0	0
DEL00004643	0	0	0	0	1	7	2	2	0	0	0	0
DEL00004656	0	0	0	0	1	2	0	0	0	0	0	0
DEL00004657	0	0	0	0	1	2	0	0	0	0	0	0
DEL00004658	0	0	0	0	1	2	0	0	0	0	0	0
DEL00004667	0	0	0	0	1	2	0	0	0	0	0	0
DEL00004700	0	0	0	0	1	5	3	0	0	0	0	0
DEL00004707	0	0	0	0	1	4	0	0	0	0	0	0
DEL00004709	0	0	0	0	2	3	2	0	0	0	0	0
DEL00004710	0	0	0	0	1	4	4	0	0	0	0	0
DEL00004718	0	0	0	0	1	0	0	0	0	0	0	0
DEL00004729	0	0	0	0	1	2	0	4	0	0	0	0
DEL00004731	0	0	0	0	1	2	0	0	0	0	0	0
DEL00004736	0	0	0	0	1	2	0	0	0	0	0	0
DEL00004747	0	0	0	0	1	4	0	0	0	0	0	0
DEL00004757	0	0	0	0	1	7	0	0	0	0	0	0
DEL00004758	0	0	0	0	1	7	0	0	0	0	0	0
DEL00004762	0	0	0	0	1	7	0	0	0	0	0	0
DEL00004763	0	0	0	0	1	7	0	0	0	0	0	0
DEL00004764	0	0	0	0	1	7	0	0	0	0	0	0
DEL00004765	0	0	0	0	1	7	0	0	0	0	0	0
DEL00004766	0	0	0	0	1	7	0	0	0	0	0	0
DEL00004767	0	0	0	0	1	7	0	0	0	0	0	0
DEL00004769	0	0	0	0	1	7	0	0	0	0	0	0
DEL00004771	0	0	0	0	1	9	0	0	0	0	0	2
DEL00004776	0	0	0	0	1	7	0	0	0	0	0	0
DEL00004777	0	0	0	0	1	9	0	2	0	0	0	0
DEL00004779	0	0	0	0	1	7	0	0	0	0	0	0
DEL00004788	0	0	0	0	1	7	0	0	0	0	0	0
DEL00004796	0	0	0	0	1	9	0	2	0	0	0	0
DEL00004801	0	0	0	0	1	9	0	0	0	0	0	0
DEL00004802	0	0	0	0	1	11	0	0	0	0	0	0
DEL00004805	0	0	0	0	1	11	0	0	0	0	0	0
DEL00004809	0	0	0	0	1	11	0	0	0	0	0	0
DEL00004810	0	0	0	0	4	17	0	0	0	11	0	0
DEL00004817	0	0	0	0	1	11	0	0	0	0	0	0
DEL00004820	0	0	0	0	1	11	0	0	0	0	0	0
DEL00004821	0	0	0	0	1	11	0	0	0	0	0	0
DEL00004822	0	0	0	0	1	11	0	0	0	0	0	0
DEL00004824	0	0	0	0	1	11	0	0	0	0	0	0
DEL00004827	0	0	0	0	1	15	0	0	0	0	0	2
DEL00004829	0	0	0	0	1	12	0	0	0	0	0	0
DEL00004830	0	0	0	0	1	10	0	0	0	0	0	0
DEL00004831	0	0	0	0	1	10	1	0	0	0	0	0
DEL00004839	0	0	0	0	1	4	0	0	0	0	0	0
DEL00004842	0	0	0	0	1	7	0	0	0	0	0	0
DEL00004844	0	0	0	0	1	3	0	0	0	0	0	0
DEL00004846	0	0	0	0	1	5	0	2	0	0	0	0
DEL00004847	0	0	0	0	1	3	0	0	0	0	0	0
DEL00004849	0	0	0	0	1	5	0	0	0	0	0	0
DEL00004850	0	0	0	0	1	3	0	0	0	0	0	0
DEL00004863	0	0	0	0	1	4	0	0	0	0	0	0
DEL00004864	0	0	0	0	1	4	0	0	0	0	0	0
DEL00004868	0	0	0	0	1	6	0	0	0	0	0	0
DEL00004874	0	0	0	0	1	5	1	0	0	0	0	0
DEL00004879	0	0	0	0	1	3	3	0	0	0	0	0
DEL00004888	0	0	0	0	1	1	3	0	0	0	0	0
DEL00004890	0	0	0	0	1	3	4	0	0	0	0	0
DEL00004892	0	0	0	0	1	2	2	0	0	0	0	0
DEL00004900	0	0	0	0	1	2	2	0	0	0	0	0
DEL00004901	0	0	0	0	1	2	2	0	0	0	0	0
DEL00004902	0	0	0	0	1	2	2	0	0	0	0	0
DEL00004915	0	0	0	0	1	1	10	0	0	0	0	0
DEL00004928	0	0	0	0	1	0	0	0	0	0	0	0
DEL00004951	0	0	0	0	1	4	0	2	0	0	0	0
DEL00004956	0	0	0	0	1	2	0	0	0	0	0	0
DEL00004957	0	0	0	0	1	2	0	0	0	0	0	0
DEL00004959	0	0	0	0	1	2	0	0	0	0	0	0
DEL00004962	0	0	0	0	1	2	0	0	0	0	0	0
DEL00004965	0	0	0	0	1	4	0	0	0	0	0	0
DEL00004966	0	0	0	0	1	6	0	2	0	0	0	0
DEL00004998	0	0	0	0	1	6	5	0	0	0	0	0
DEL00004999	0	0	0	0	2	6	5	0	0	0	0	0
DEL00005006	0	0	0	0	1	3	0	0	0	0	0	0
DEL00005021	0	0	0	0	1	1	0	0	0	0	0	0
DEL00005029	0	0	0	0	1	3	0	2	0	0	0	0
DEL00005034	0	0	0	0	1	3	0	2	0	0	0	0
DEL00005035	0	0	0	0	1	1	0	0	0	0	0	0
DEL00005036	0	0	0	0	1	1	0	0	0	0	0	0
DEL00005037	0	0	0	0	1	1	0	0	0	0	0	0
DEL00005038	0	0	0	0	1	1	0	0	0	0	0	0
DEL00005043	0	0	0	0	1	1	0	0	0	0	0	0
DEL00005044	0	0	0	0	3	1	0	0	0	0	0	0
DEL00005055	0	0	0	0	1	1	0	0	0	0	0	0
DEL00005061	0	0	0	0	1	1	0	0	0	0	0	0
DEL00005063	0	0	0	0	1	1	0	0	0	0	0	0
DEL00005066	0	0	0	0	1	0	0	0	0	0	0	0
DEL00005067	0	0	0	0	1	0	0	0	0	0	0	0
DEL00005071	0	0	0	0	1	2	2	0	0	0	0	0
DEL00005073	0	0	0	0	1	0	0	0	0	0	0	0
DEL00005075	0	0	0	0	1	0	0	0	0	0	0	0
DEL00005087	0	0	0	0	1	0	0	0	0	0	0	0
DEL00005090	0	0	0	0	1	0	0	0	0	0	0	0
DEL00005093	0	0	0	0	2	2	0	0	0	0	0	0
DEL00005100	0	0	0	0	1	5	0	0	0	0	0	0
DEL00005101	0	0	0	0	1	3	0	0	0	0	0	0
DEL00005110	0	0	0	0	1	0	0	0	0	0	0	0
DEL00005122	0	0	0	0	1	0	0	0	0	0	0	0
DEL00005127	0	0	0	0	1	0	0	0	0	0	0	0
DEL00005132	0	0	0	0	1	0	0	0	0	0	0	0
DEL00005143	0	0	0	0	1	0	0	0	0	0	0	0
DEL00005152	0	0	0	0	1	0	0	0	0	0	0	0
DEL00005154	0	0	0	0	1	0	0	0	0	0	0	0
DEL00005168	0	0	0	0	1	0	0	0	0	0	0	0
DEL00005169	0	0	0	0	2	0	0	0	0	0	0	0
DEL00005170	0	0	0	0	1	0	0	0	0	0	0	0
DEL00005175	0	0	0	0	1	0	0	0	0	0	0	0
DEL00005203	0	0	0	0	1	0	1	0	0	0	0	0
DEL00005208	0	0	0	0	1	0	1	0	0	0	0	0
DEL00005217	0	0	0	0	1	0	0	0	0	0	0	0
DEL00005247	0	0	0	0	1	9	0	0	0	0	0	0
DEL00005248	0	0	0	0	1	9	0	0	0	0	0	0
DEL00005250	0	0	0	0	1	14	0	0	0	0	0	0
DEL00005251	0	0	0	0	1	14	0	0	0	0	0	0
DEL00005253	0	0	0	0	1	14	0	0	0	0	0	0
DEL00005255	0	0	0	0	1	14	0	0	0	0	0	0
DEL00005256	0	0	0	0	1	20	0	0	0	2	0	0
DEL00005259	0	0	0	0	1	16	0	0	0	0	0	0
DEL00005274	0	0	0	0	1	30	9	2	11	2	0	0
DEL00005276	0	0	0	0	1	18	10	0	9	2	0	0
DEL00005277	0	0	0	0	1	20	10	2	9	2	0	0
DEL00005345	0	0	0	0	1	8	29	2	9	2	0	0
DEL00005358	0	0	0	0	1	4	17	2	0	0	0	0
DEL00005363	0	0	0	0	1	3	0	0	0	0	0	0
DEL00005364	0	0	0	0	6	3	0	0	0	0	0	0
DEL00005370	0	0	0	0	1	3	0	0	0	0	0	0
DEL00005420	0	0	0	0	1	9	0	2	0	0	3	0
DEL00005421	0	0	0	0	1	6	0	2	0	0	0	0
DEL00005424	0	0	0	0	1	4	0	0	0	0	0	0
DEL00005425	0	0	0	0	1	7	0	0	0	0	3	0
DEL00005431	0	0	0	0	1	13	10	0	0	0	3	0
DEL00005433	0	0	0	0	1	8	4	2	0	0	3	0
DEL00005437	0	0	0	0	2	2	0	0	0	0	0	0
DEL00005438	0	0	0	0	1	2	0	0	0	0	0	0
DEL00005442	0	0	0	0	1	2	0	0	0	0	0	0
DEL00005463	0	0	0	0	1	2	0	0	0	0	0	0
DEL00005464	0	0	0	0	1	11	4	0	0	0	5	0
DEL00005471	0	0	0	0	1	1	0	0	0	0	0	0
DEL00005484	0	0	0	0	1	1	0	0	0	0	0	0
DEL00005485	0	0	0	0	1	1	0	0	0	0	0	0
DEL00005487	0	0	0	0	1	0	0	0	0	0	0	0
DEL00005496	0	0	0	0	1	3	0	0	0	0	0	0
DEL00005497	0	0	0	0	1	5	0	0	0	0	0	0
DEL00005507	0	0	0	0	1	0	0	0	0	0	0	0
DEL00005509	0	0	0	0	1	0	2	2	0	0	0	0
DEL00005513	0	0	0	0	1	13	0	0	0	11	0	0
DEL00005514	0	0	0	0	1	10	0	0	0	10	0	0
DEL00005516	0	0	0	0	1	2	0	2	0	0	0	0
DEL00005517	0	0	0	0	1	2	0	2	0	0	0	0
DEL00005520	0	0	0	0	1	0	0	0	0	0	0	0
DEL00005528	0	0	0	0	1	2	0	0	0	0	0	0
DEL00005538	0	0	0	0	1	3	0	0	0	0	0	0
DEL00005539	0	0	0	0	1	3	0	0	0	0	0	0
DEL00005545	0	0	0	0	1	5	0	0	0	0	0	0
DEL00005546	0	0	0	0	1	5	0	0	0	0	0	0
DEL00005582	0	0	0	0	1	9	2	0	0	0	0	0
DEL00005596	0	0	0	0	1	1	0	0	0	0	0	0
DEL00005604	0	0	0	0	1	1	0	0	0	0	0	0
DEL00005615	0	0	0	0	1	3	0	0	4	0	0	0
DEL00005618	0	0	0	0	1	3	0	0	0	2	0	0
DEL00005619	0	0	0	0	1	1	0	0	0	0	0	0
DEL00005620	0	0	0	0	6	1	0	0	0	0	0	0
DEL00005627	0	0	0	0	1	1	0	0	0	0	0	0
DEL00005632	0	0	0	0	1	1	0	0	0	0	0	0
DEL00005638	0	0	0	0	1	0	0	0	0	0	0	0
DEL00005640	0	0	0	0	1	0	0	0	0	0	0	0
DEL00005646	0	0	0	0	1	0	0	0	0	0	0	0
DEL00005648	0	0	0	0	1	0	2	0	0	0	0	0
DEL00005665	0	0	0	0	1	7	0	0	0	0	0	0
DEL00005668	0	0	0	0	1	7	0	0	0	0	0	2
DEL00005670	0	0	0	0	1	4	0	0	0	0	0	0
DEL00005672	0	0	0	0	1	2	0	2	0	0	0	0
DEL00005673	0	0	0	0	1	2	0	0	0	0	0	0
DEL00005674	0	0	0	0	1	0	0	0	0	0	0	0
DEL00005677	0	0	0	0	1	2	2	0	0	0	0	0
DEL00005679	0	0	0	0	1	4	2	2	0	0	0	0
DEL00005680	0	0	0	0	1	0	0	0	0	0	0	0
DEL00005681	0	0	0	0	1	2	4	0	0	0	0	0
DEL00005682	0	0	0	0	1	2	4	0	0	0	0	0
DEL00005704	0	0	0	0	1	2	0	0	0	0	0	0
DEL00005706	0	0	0	0	1	4	0	0	0	2	0	0
DEL00005721	0	0	0	0	1	2	0	2	0	0	0	0
DEL00005740	0	0	0	0	1	0	0	0	0	0	0	0
DEL00005748	0	0	0	0	1	2	0	0	0	0	0	0
DEL00005750	0	0	0	0	1	4	0	2	0	0	0	0
DEL00005756	0	0	0	0	1	2	0	0	0	0	0	0
DEL00005761	0	0	0	0	1	2	0	0	0	0	0	0
DEL00005764	0	0	0	0	1	0	0	0	0	0	0	0
DEL00005776	0	0	0	0	1	1	0	0	0	0	0	0
DEL00005787	0	0	0	0	1	3	0	0	0	0	0	0
DEL00005791	0	0	0	0	1	5	0	0	0	0	0	0
DEL00005793	0	0	0	0	2	5	0	0	0	0	0	0
DEL00005800	0	0	0	0	1	5	0	0	0	0	0	0
DEL00005816	0	0	0	0	1	5	0	0	0	0	0	0
DEL00005824	0	0	0	0	1	5	0	0	0	0	0	0
DEL00005825	0	0	0	0	1	5	0	2	0	0	0	0
DEL00005831	0	0	0	0	1	5	0	0	0	0	0	0
DEL00005838	0	0	0	0	4	5	0	0	0	0	0	0
DEL00005840	0	0	0	0	1	5	0	0	0	0	0	0
DEL00005841	0	0	0	0	1	5	0	0	0	0	0	0
DEL00005850	0	0	0	0	1	5	0	0	0	0	0	0
DEL00005856	0	0	0	0	1	8	0	0	0	0	0	0
DEL00005857	0	0	0	0	1	8	0	0	0	0	0	0
DEL00005894	0	0	0	0	1	1	2	0	0	0	0	0
DEL00005896	0	0	0	0	1	0	0	0	0	0	0	0
DEL00005901	0	0	0	0	1	0	0	0	0	0	0	0
DEL00005902	0	0	0	0	1	2	0	2	0	0	0	0
DEL00005903	0	0	0	0	1	0	0	0	0	0	0	0
DEL00005905	0	0	0	0	2	0	0	0	0	0	0	0
DEL00005906	0	0	0	0	1	0	0	0	0	0	0	0
DEL00005957	0	0	0	0	1	9	0	0	0	6	0	0
DEL00005958	0	0	0	0	1	13	0	0	0	9	0	2
DEL00005959	0	0	0	0	1	6	0	0	0	11	0	0
DEL00005962	0	0	0	0	1	6	0	0	0	0	0	0
DEL00005963	0	0	0	0	1	6	2	0	0	0	0	0
DEL00005973	0	0	0	0	1	4	0	0	0	0	0	0
DEL00005984	0	0	0	0	1	4	0	0	0	0	0	0
DEL00005991	0	0	0	0	2	4	0	0	0	0	0	0
DEL00005995	0	0	0	0	1	4	0	0	0	0	0	0
DEL00006008	0	0	0	0	1	0	0	0	0	0	0	0
DEL00006009	0	0	0	0	1	0	1	0	0	0	0	0
DEL00006010	0	0	0	0	1	0	1	0	0	0	0	0
DEL00006013	0	0	0	0	1	0	1	0	0	0	0	0
DEL00006014	0	0	0	0	1	0	1	0	0	0	0	0
DEL00006019	0	0	0	0	1	3	1	0	0	0	0	0
DEL00006020	0	0	0	0	1	3	1	0	0	0	0	0
DEL00006023	0	0	0	0	1	7	3	0	0	0	0	0
DEL00006028	0	0	0	0	1	7	1	0	0	0	0	0
DEL00006037	0	0	0	0	25	5	10	0	0	0	0	0
DEL00006056	0	0	0	0	2	1	9	0	0	0	0	0
DEL00006057	0	0	0	0	1	1	9	0	0	0	0	0
DEL00006058	0	0	0	0	2	1	9	0	0	0	0	0
DEL00006066	0	0	0	0	1	0	8	0	0	0	0	0
DEL00006091	0	0	0	0	1	2	2	2	0	0	0	0
DEL00006100	0	0	0	0	1	2	0	0	0	0	0	0
DEL00006102	0	0	0	0	1	4	0	2	0	0	0	0
DEL00006104	0	0	0	0	1	2	0	0	0	0	0	0
DEL00006108	0	0	0	0	1	5	1	0	0	0	0	0
DEL00006112	0	0	0	0	1	10	1	0	0	5	0	0
DEL00006124	0	0	0	0	1	4	0	0	0	0	0	0
DEL00006127	0	0	0	0	1	5	3	0	0	0	0	0
DEL00006132	0	0	0	0	1	5	3	0	0	0	0	0
DEL00006135	0	0	0	0	1	5	2	0	0	0	0	0
DEL00006154	0	0	0	0	1	2	0	0	0	0	0	0
DEL00006167	0	0	0	0	1	11	0	0	0	5	0	2
DEL00006171	0	0	0	0	1	3	1	0	0	0	0	0
DEL00006172	0	0	0	0	1	3	1	0	0	0	0	0
DEL00006173	0	0	0	0	1	3	1	0	0	0	0	0
DEL00006193	0	0	0	0	1	0	0	0	0	0	0	0
DEL00006203	0	0	0	0	1	1	0	0	0	0	0	0
DEL00006213	0	0	0	0	1	1	0	0	0	0	0	0
DEL00006217	0	0	0	0	1	5	2	2	0	0	0	0
DEL00006237	0	0	0	0	2	3	8	0	0	0	0	0
DEL00006242	0	0	0	0	1	3	8	0	0	0	0	0
DEL00006245	0	0	0	0	1	3	6	0	0	0	0	0
DEL00006250	0	0	0	0	1	6	0	0	0	2	0	3
DEL00006256	0	0	0	0	1	3	0	0	0	0	0	0
DEL00006257	0	0	0	0	1	3	0	0	0	0	0	0
DEL00006265	0	0	0	0	1	3	0	0	0	0	0	0
DEL00006267	0	0	0	0	1	3	0	0	0	0	0	0
DEL00006270	0	0	0	0	1	7	0	0	0	0	0	0
DEL00006271	0	0	0	0	1	5	0	0	0	0	0	0
DEL00006276	0	0	0	0	1	5	0	0	0	0	0	0
DEL00006282	0	0	0	0	1	6	5	0	0	0	0	0
DEL00006294	0	0	0	0	1	3	0	0	0	0	0	0
DEL00006308	0	0	0	0	1	7	3	0	0	0	2	0
DEL00006310	0	0	0	0	1	7	0	0	0	0	0	0
DEL00006311	0	0	0	0	1	8	0	0	0	0	2	0
DEL00006318	0	0	0	0	1	15	15	0	0	2	2	0
DEL00006319	0	0	0	0	1	9	3	2	0	0	1	0
DEL00006337	0	0	0	0	1	1	0	0	0	0	0	0
DEL00006360	0	0	0	0	1	16	3	4	3	0	3	0
DEL00006373	0	0	0	0	1	5	0	0	0	4	0	0
DEL00006388	0	0	0	0	1	2	2	2	0	0	0	0
DEL00006401	0	0	0	0	1	7	0	0	0	0	0	0
DEL00006404	0	0	0	0	1	5	0	0	0	0	0	0
DEL00006405	0	0	0	0	1	4	0	0	0	0	0	0
DEL00006418	0	0	0	0	1	8	3	0	2	0	4	0
DEL00006469	0	0	0	0	1	7	0	0	0	0	0	0
DEL00006513	0	0	0	0	1	10	0	0	0	0	0	0
DEL00006537	0	0	0	0	1	14	2	0	0	0	1	0
DEL00006538	0	0	0	0	1	15	6	0	0	0	3	0
DEL00006559	0	0	0	0	1	6	0	0	0	0	0	0
DEL00006572	0	0	0	0	1	7	0	0	0	0	0	0
DEL00006576	0	0	0	0	1	7	0	0	0	0	0	0
DEL00006598	0	0	0	0	1	3	1	0	0	0	0	0
DEL00006604	0	0	0	0	1	3	0	0	0	0	1	0
DEL00006607	0	0	0	0	1	0	0	0	0	0	0	0
DEL00006611	0	0	0	0	1	0	0	0	0	0	2	0
DEL00006612	0	0	0	0	1	0	0	0	0	0	0	0
DEL00006614	0	0	0	0	1	0	0	0	0	0	0	0
DUP00001177	0	0	0	0	6	10	0	0	0	0	0	0
DUP00001368	0	0	0	0	1	1	2	0	0	0	0	0
DUP00003325	0	0	0	0	1	0	2	0	0	0	0	0
DUP00004163	0	0	0	0	1	1	0	0	0	0	0	0
DUP00004581	0	0	0	0	1	3	0	0	0	0	0	0
DUP00005491	0	0	0	0	1	0	0	0	0	0	0	0
INS00000028	0	0	0	0	1	4	0	0	0	0	0	0
INS00000043	0	0	0	0	1	4	0	0	0	0	0	0
INS00000048	0	0	0	0	1	7	1	0	0	0	0	0
INS00000099	0	0	0	0	1	26	0	0	0	5	0	0
INS00000151	0	0	0	0	1	26	0	0	0	0	0	0
INS00000166	0	0	0	0	1	29	2	0	0	0	0	0
INS00000168	0	0	0	0	1	29	2	0	0	0	0	0
INS00000209	0	0	0	0	1	25	0	0	0	0	0	0
INS00000230	0	0	0	0	1	29	0	0	0	0	0	0
INS00000238	0	0	0	0	1	26	0	0	0	0	0	0
INS00000261	0	0	0	0	1	29	0	0	0	0	0	0
INS00000280	0	0	0	0	1	11	0	0	0	0	0	0
INS00000299	0	0	0	0	1	8	0	0	0	0	0	0
INS00000333	0	0	0	0	1	4	0	0	0	0	0	0
INS00000358	0	0	0	0	1	7	0	0	0	0	0	0
INS00000376	0	0	0	0	1	10	0	0	0	0	0	0
INS00000395	0	0	0	0	1	11	1	0	0	0	0	0
INS00000402	0	0	0	0	1	10	0	0	0	0	0	0
INS00000405	0	0	0	0	1	11	0	0	0	0	0	1
INS00000449	0	0	0	0	1	10	0	0	0	0	0	3
INS00000510	0	0	0	0	1	8	4	0	0	0	0	0
INS00000512	0	0	0	0	1	10	4	0	0	2	0	0
INS00000640	0	0	0	0	1	5	0	0	0	0	0	0
INS00000666	0	0	0	0	1	9	0	0	0	0	0	0
INS00000684	0	0	0	0	1	7	0	0	0	0	0	0
INS00000709	0	0	0	0	1	10	1	0	0	0	0	0
INS00000757	0	0	0	0	1	7	2	2	0	0	0	0
INS00000879	0	0	0	0	1	5	0	0	0	0	0	0
INS00000913	0	0	0	0	1	8	0	0	0	0	0	0
INS00000921	0	0	0	0	1	6	0	0	0	0	0	0
INS00000953	0	0	0	0	1	2	0	0	0	0	0	0
INS00001063	0	0	0	0	1	0	0	0	0	0	0	0
INS00001093	0	0	0	0	1	6	0	0	0	0	0	0
INS00001155	0	0	0	0	1	6	0	0	0	0	0	0
INS00001157	0	0	0	0	1	6	0	0	0	0	0	0
INS00001238	0	0	0	0	1	14	0	0	0	0	0	0
INS00001245	0	0	0	0	1	4	0	0	0	0	0	0
INS00001288	0	0	0	0	1	4	0	0	0	0	0	0
INS00001351	0	0	0	0	1	6	0	0	0	0	0	0
INS00001358	0	0	0	0	1	3	0	0	0	0	0	0
INS00001413	0	0	0	0	1	8	0	0	0	0	0	0
INS00001529	0	0	0	0	1	8	0	0	0	0	0	0
INS00001542	0	0	0	0	1	6	0	0	0	0	0	0
INS00001613	0	0	0	0	1	0	0	0	0	0	0	0
INS00001636	0	0	0	0	1	9	0	0	0	2	0	0
INS00001692	0	0	0	0	1	32	6	0	0	0	0	0
INS00001712	0	0	0	0	1	27	0	0	0	0	0	0
INS00001739	0	0	0	0	1	20	0	0	0	0	0	0
INS00001763	0	0	0	0	1	15	3	0	0	0	0	0
INS00001774	0	0	0	0	1	14	0	0	0	0	0	0
INS00001776	0	0	0	0	1	20	0	0	0	0	0	6
INS00001852	0	0	0	0	1	16	0	0	0	0	0	0
INS00001859	0	0	0	0	1	12	0	0	0	0	0	0
INS00001875	0	0	0	0	1	6	0	0	0	0	0	0
INS00001878	0	0	0	0	1	8	0	0	0	2	0	0
INS00001897	0	0	0	0	1	0	0	0	0	0	0	0
INS00001934	0	0	0	0	1	5	0	0	0	0	0	0
INS00001943	0	0	0	0	1	7	0	0	0	0	0	0
INS00002014	0	0	0	0	1	9	0	0	0	0	0	0
INS00002080	0	0	0	0	1	3	0	0	0	0	0	0
INS00002097	0	0	0	0	1	5	0	0	0	0	0	0
INS00002118	0	0	0	0	1	2	0	0	0	0	0	0
INS00002142	0	0	0	0	1	2	0	0	0	0	0	0
INS00002143	0	0	0	0	1	2	0	0	0	0	0	0
INS00002175	0	0	0	0	1	0	0	0	0	0	0	0
INS00002271	0	0	0	0	1	3	0	0	0	0	0	0
INS00002278	0	0	0	0	1	12	6	0	0	0	0	0
INS00002386	0	0	0	0	1	3	0	0	0	0	0	0
INS00002603	0	0	0	0	1	34	0	0	0	0	0	0
INS00002629	0	0	0	0	1	30	0	0	0	2	0	0
INS00002662	0	0	0	0	1	18	0	0	0	0	0	0
INS00002669	0	0	0	0	1	17	0	0	0	0	0	0
INS00002685	0	0	0	0	1	11	0	0	0	0	0	0
INS00002734	0	0	0	0	1	3	0	0	0	0	0	2
INS00002742	0	0	0	0	1	1	0	0	0	0	0	0
INS00002761	0	0	0	0	1	2	0	0	0	0	0	0
INS00002786	0	0	0	0	1	7	2	0	0	0	0	0
INS00002801	0	0	0	0	1	9	3	0	0	0	0	0
INS00002805	0	0	0	0	1	9	3	0	0	0	0	0
INS00002946	0	0	0	0	1	4	0	0	0	0	0	0
INS00002951	0	0	0	0	1	0	0	0	0	0	0	0
INS00003007	0	0	0	0	1	7	0	0	0	0	0	0
INS00003009	0	0	0	0	1	5	0	0	0	0	0	0
INS00003014	0	0	0	0	1	7	0	0	0	0	0	0
INS00003102	0	0	0	0	1	21	3	0	0	0	1	0
INS00003113	0	0	0	0	1	19	0	2	0	0	0	0
INS00003160	0	0	0	0	1	20	0	0	0	0	0	0
INS00003192	0	0	0	0	1	34	112	0	0	0	0	0
INS00003252	0	0	0	0	1	1	2	0	0	0	0	0
INS00003294	0	0	0	0	1	2	0	0	0	0	0	0
INS00003299	0	0	0	0	1	6	3	2	0	0	0	0
INS00003308	0	0	0	0	1	2	0	0	0	0	0	0
INS00003319	0	0	0	0	1	2	0	0	0	0	0	0
INS00003343	0	0	0	0	1	0	0	0	0	0	0	0
INS00003418	0	0	0	0	1	6	16	0	19	11	11	0
INS00003427	0	0	0	0	1	5	0	0	0	0	0	0
INS00003448	0	0	0	0	1	4	0	0	0	0	0	0
INS00003467	0	0	0	0	1	5	2	0	0	0	0	0
INS00003476	0	0	0	0	1	1	2	0	0	0	0	0
INS00003503	0	0	0	0	1	5	0	0	0	0	0	0
INS00003525	0	0	0	0	1	3	0	0	0	0	0	0
INS00003536	0	0	0	0	1	3	0	0	0	0	0	0
INS00003551	0	0	0	0	1	5	4	0	0	0	0	0
INS00003577	0	0	0	0	1	0	0	0	0	0	0	0
INS00003674	0	0	0	0	1	14	2	0	0	0	0	0
INS00003679	0	0	0	0	1	14	2	0	0	0	0	0
INS00003697	0	0	0	0	1	16	0	0	0	0	0	0
INS00003710	0	0	0	0	1	18	0	0	0	0	0	0
INS00003744	0	0	0	0	1	23	0	0	4	0	0	0
INS00003840	0	0	0	0	1	20	0	0	0	4	0	0
INS00003882	0	0	0	0	1	14	0	0	0	0	0	0
INS00003913	0	0	0	0	1	6	0	0	0	0	0	0
INS00003980	0	0	0	0	1	13	0	2	0	0	0	0
INS00004034	0	0	0	0	1	5	0	0	0	0	0	0
INS00004054	0	0	0	0	1	5	0	0	0	0	0	0
INS00004096	0	0	0	0	1	2	2	0	0	0	0	0
INS00004131	0	0	0	0	1	1	1	0	0	0	0	0
INS00004161	0	0	0	0	1	3	0	0	0	0	3	0
INS00004209	0	0	0	0	1	3	0	0	0	0	0	0
INS00004232	0	0	0	0	1	8	0	0	0	0	0	0
INS00004375	0	0	0	0	1	3	0	0	0	0	0	0
INS00004716	0	0	0	0	1	0	0	0	0	0	0	0
INS00004756	0	0	0	0	1	7	0	0	0	0	0	0
INS00004950	0	0	0	0	1	2	0	0	0	0	0	0
INS00005048	0	0	0	0	1	1	0	0	0	0	0	0
INS00005050	0	0	0	0	1	1	0	0	0	0	0	0
INS00005147	0	0	0	0	1	0	0	0	0	0	0	0
INS00005171	0	0	0	0	1	0	0	0	0	0	0	0
INS00005201	0	0	0	0	1	2	0	0	0	2	0	0
INS00005221	0	0	0	0	1	2	0	0	0	0	0	0
INS00005254	0	0	0	0	1	14	0	0	0	0	0	0
INS00005366	0	0	0	0	1	3	0	0	0	0	0	0
INS00005541	0	0	0	0	1	3	0	0	0	0	0	0
INS00005586	0	0	0	0	1	14	2	0	0	3	0	0
INS00005608	0	0	0	0	1	1	0	0	0	0	0	0
INS00005609	0	0	0	0	1	1	0	0	0	0	0	0
INS00005626	0	0	0	0	1	3	0	0	0	0	0	0
INS00005666	0	0	0	0	1	5	0	0	0	0	0	0
INS00005671	0	0	0	0	1	0	0	0	0	0	0	0
INS00005714	0	0	0	0	1	2	0	0	0	0	0	0
INS00005757	0	0	0	0	1	2	0	0	0	0	0	0
INS00005760	0	0	0	0	1	2	0	0	0	0	0	0
INS00005839	0	0	0	0	1	5	0	0	0	0	0	0
INS00005961	0	0	0	0	1	4	0	0	0	0	0	0
INS00005986	0	0	0	0	1	4	0	0	0	0	0	0
INS00005987	0	0	0	0	1	4	0	0	0	0	0	0
INS00005993	0	0	0	0	1	4	0	0	0	0	0	0
INS00006094	0	0	0	0	1	2	1	0	0	0	0	0
INS00006105	0	0	0	0	1	2	0	0	0	0	0	0
INS00006121	0	0	0	0	1	7	2	0	0	2	0	0
INS00006133	0	0	0	0	1	5	3	0	0	0	0	0
INS00006155	0	0	0	0	1	2	0	0	0	0	0	0
INS00006327	0	0	0	0	1	3	0	0	0	0	0	0
INV00000060	0	0	0	0	1	10	0	0	0	0	0	0
INV00000096	0	0	0	0	1	23	0	2	0	2	0	0
INV00001492	0	0	0	0	1	17	0	4	0	0	0	0
INV00001558	0	0	0	0	1	3	0	2	0	0	0	0
INV00001824	0	0	0	0	1	11	0	0	0	0	0	0
INV00001893	0	0	0	0	1	0	0	0	0	0	0	0
INV00001947	0	0	0	0	1	10	1	2	0	0	0	0
INV00001949	0	0	0	0	1	10	1	2	0	0	0	0
INV00002360	0	0	0	0	1	0	0	0	0	0	0	0
INV00002834	0	0	0	0	1	8	2	0	0	0	0	0
INV00002878	0	0	0	0	1	5	0	2	0	0	0	0
INV00003123	0	0	0	0	1	17	1	0	0	0	0	0
INV00003131	0	0	0	0	1	17	1	2	0	0	0	0
INV00003135	0	0	0	0	1	16	0	0	0	0	0	0
INV00004270	0	0	0	0	4	5	0	0	0	0	0	0
INV00004711	0	0	0	0	1	4	4	0	0	0	0	0
INV00005515	0	0	0	0	1	0	0	0	0	0	0	0
INV00005752	0	0	0	0	1	2	0	0	0	0	0	0
INV00005954	0	0	0	0	1	3	1	0	0	0	0	0
