SV_ID	Genes	Transcipts	Rest_of_ann	Regulatory_regions	Ensembl_SVs	estd223	estd234	nstd56	nstd61	nstd69	nstd135
DEL00000013	0	0	0	1	0	0	0	0	0	0	0
DEL00000014	0	0	0	1	0	0	0	0	0	0	0
INS00000016	0	0	0	1	2	0	0	0	0	0	0
DEL00000020	0	0	0	1	4	0	0	0	0	0	0
DEL00000022	1	49	0	1	4	0	0	0	0	0	0
DEL00000023	0	0	0	1	4	0	0	0	0	0	0
INS00000025	0	0	0	1	6	0	0	0	0	0	0
DEL00000027	0	0	0	1	4	0	0	0	2	0	0
DEL00000029	0	0	0	1	4	0	0	0	0	0	0
DEL00000030	0	0	0	1	4	0	0	0	0	0	0
DEL00000032	0	0	0	3	13	1	0	0	0	0	0
DEL00000035	0	0	0	1	13	1	0	0	0	0	2
INV00000040	0	0	0	1	10	0	0	0	0	0	0
DEL00000041	0	0	0	1	10	0	0	0	0	0	0
DEL00000044	0	0	0	1	10	0	0	0	0	0	0
DEL00000045	0	0	0	1	12	0	0	0	0	0	0
DEL00000046	0	0	0	1	12	0	0	0	0	0	0
DEL00000047	0	0	0	1	12	0	0	0	0	0	0
DEL00000048	0	0	0	1	12	0	0	0	0	0	0
DEL00000050	1	2	0	1	14	0	0	0	0	0	0
DEL00000057	0	0	0	1	16	0	0	0	0	0	0
DEL00000058	0	0	0	1	18	0	0	0	2	0	0
DEL00000059	0	0	0	1	18	0	0	0	2	0	0
DEL00000061	0	0	0	1	18	0	0	0	0	0	0
DEL00000062	0	0	0	1	18	0	0	0	0	0	0
DEL00000063	0	0	0	1	18	0	0	0	0	0	0
DEL00000065	0	0	0	1	21	1	0	0	0	0	0
DEL00000066	0	0	0	1	20	0	0	0	0	0	0
DEL00000067	0	0	0	1	23	0	0	0	2	0	0
DEL00000072	1	4	0	1	27	0	0	0	8	0	0
DEL00000079	1	1	0	1	21	0	0	0	0	0	0
DEL00000082	0	0	0	1	19	0	0	0	0	0	0
DEL00000083	0	0	0	1	19	0	0	0	0	0	0
INS00000084	1	4	0	1	19	0	0	0	0	0	0
DEL00000088	0	0	0	1	19	0	0	0	0	0	0
DEL00000091	0	0	0	1	23	0	0	0	0	0	0
DEL00000092	0	0	0	1	25	0	2	0	0	0	0
DEL00000094	0	0	0	1	24	0	0	0	0	0	0
DEL00000098	0	0	0	3	23	2	2	0	0	0	0
INS00000099	0	0	0	1	21	1	0	0	0	0	0
DEL00000100	0	0	0	1	23	0	0	0	0	0	0
DEL00000101	0	0	0	1	23	0	0	0	0	0	0
INS00000102	0	0	0	1	23	0	0	0	0	0	0
INV00000103	2	3	9	1	24	0	0	0	0	0	0
DEL00000108	0	0	0	1	26	0	0	0	0	0	0
DEL00000110	0	0	0	1	24	0	0	0	0	0	0
DEL00000113	0	0	0	1	27	0	0	0	0	0	1
DEL00000114	0	0	0	1	27	0	0	0	0	0	1
DEL00000116	0	0	0	1	25	6	4	0	0	0	0
DEL00000117	0	0	0	1	23	0	0	0	0	0	0
INS00000118	0	0	0	1	23	0	0	0	0	0	0
DEL00000121	1	64	0	1	26	0	0	0	0	0	0
DEL00000122	0	0	0	2	26	0	0	0	0	0	0
DEL00000125	0	0	0	1	27	0	0	0	0	0	0
DEL00000126	0	0	0	1	27	0	0	0	0	0	0
DEL00000127	0	0	0	1	27	0	0	0	0	0	0
DEL00000128	0	0	0	1	27	0	0	0	0	0	0
DEL00000129	1	30	0	1	27	0	0	0	0	0	0
DEL00000131	1	1	0	1	27	0	0	0	0	0	0
DEL00000132	0	0	0	1	27	0	0	0	0	0	0
DEL00000133	0	0	0	1	27	0	0	0	0	0	0
INS00000134	0	0	0	1	29	2	0	0	0	0	0
DEL00000136	0	0	0	1	29	2	0	0	0	0	0
INS00000137	0	0	0	1	29	2	0	0	0	0	0
INS00000138	0	0	0	1	29	2	0	0	0	0	0
DEL00000140	1	36	0	1	27	0	0	0	0	0	0
DEL00000144	0	0	0	1	26	1	0	0	0	0	0
DEL00000145	0	0	0	1	26	1	0	0	0	0	0
DEL00000151	1	9	0	1	24	0	0	0	0	0	0
DEL00000154	1	16	0	1	22	0	0	0	0	0	0
DEL00000157	0	0	0	1	25	0	0	0	0	0	0
DEL00000159	0	0	0	1	27	0	2	0	0	0	0
DEL00000160	0	0	0	1	29	0	0	0	2	0	0
DEL00000161	0	0	0	1	25	0	0	0	0	0	0
DEL00000168	1	9	0	1	28	1	0	0	2	0	0
DEL00000169	0	0	0	1	24	1	0	0	0	0	0
DEL00000170	1	1	0	1	25	0	0	0	0	0	0
DEL00000174	1	25	0	1	25	0	0	0	0	0	0
DEL00000176	0	0	0	3	27	0	0	0	0	0	0
DEL00000177	0	0	0	1	27	0	0	0	0	0	0
DEL00000179	0	0	0	1	32	0	2	0	0	0	0
DEL00000180	0	0	0	1	29	0	0	0	0	0	0
DEL00000191	1	1	0	1	27	0	0	0	0	0	0
DEL00000192	2	16	0	1	27	0	0	0	0	0	0
INS00000193	0	0	0	1	27	0	0	0	0	0	0
DEL00000197	1	1	0	1	28	0	0	0	0	0	0
INS00000202	0	0	0	1	26	0	0	0	0	0	0
INS00000203	0	0	0	1	25	0	0	0	0	0	0
DEL00000205	0	0	0	1	29	0	0	0	0	0	4
DEL00000207	0	0	0	1	28	0	0	0	0	0	0
DEL00000208	0	0	0	1	30	0	0	0	0	0	0
DEL00000212	0	0	0	1	24	0	0	0	0	0	0
DEL00000214	1	16	0	1	27	0	0	0	2	0	0
DEL00000215	0	0	0	1	25	0	0	0	0	0	0
DEL00000218	1	25	0	1	24	0	0	0	0	0	0
DEL00000222	1	1	0	1	26	0	0	0	4	0	0
DEL00000224	0	0	0	1	17	0	0	0	0	0	0
DEL00000225	0	0	0	1	15	0	0	0	0	0	0
DEL00000226	0	0	0	1	11	0	0	0	0	0	0
DEL00000230	1	1	0	1	11	2	0	0	0	0	0
DEL00000232	1	9	0	1	15	2	0	0	0	0	0
DEL00000236	1	4	0	1	10	0	0	0	0	0	0
DEL00000237	0	0	0	1	12	0	0	0	0	0	0
DEL00000242	1	4	0	1	8	0	0	0	0	0	0
DEL00000245	0	0	0	1	4	0	0	0	0	0	0
DEL00000246	1	1	0	1	4	0	0	0	0	0	0
INS00000248	0	0	0	1	0	0	0	0	0	0	0
DEL00000250	0	0	0	1	2	0	0	0	0	0	0
DEL00000251	0	0	0	1	0	0	0	0	0	0	0
INS00000255	0	0	0	1	0	0	0	0	0	0	0
DEL00000257	1	49	0	1	2	1	0	0	0	0	0
DEL00000259	0	0	0	1	1	0	0	0	0	0	0
DEL00000261	0	0	0	1	1	0	0	0	0	0	0
DEL00000262	1	1	0	1	3	0	0	0	2	0	0
INS00000265	0	0	0	1	1	0	0	0	0	0	0
DEL00000267	0	0	0	1	4	0	0	0	0	0	0
DEL00000268	0	0	0	1	6	0	2	0	0	0	0
DEL00000269	0	0	0	1	5	0	0	0	0	0	1
DEL00000270	0	0	0	1	6	0	2	0	0	0	0
DEL00000272	0	0	0	1	4	0	0	0	0	0	0
DEL00000274	0	0	0	1	6	0	0	0	0	0	0
DEL00000276	0	0	0	1	4	0	0	0	0	0	0
DEL00000277	0	0	0	1	6	0	0	0	0	0	0
BND00000278	0	0	0	1	6	0	0	0	0	0	0
DEL00000281	0	0	0	1	8	0	0	0	0	0	0
INS00000284	0	0	0	1	7	0	0	0	0	0	0
DEL00000286	1	9	0	1	7	0	0	0	0	0	0
DEL00000287	1	2	0	1	9	0	0	0	0	0	2
DEL00000288	0	0	0	1	7	0	0	0	0	0	0
DEL00000289	0	0	0	1	9	0	0	0	0	0	0
DEL00000290	0	0	0	1	9	0	0	0	0	0	0
DEL00000292	1	6	0	1	9	0	0	0	0	0	0
DEL00000293	0	0	0	1	11	0	2	0	0	0	0
DEL00000294	0	0	0	1	9	0	0	0	0	0	0
DEL00000296	1	1	0	1	9	2	0	0	0	0	0
DEL00000303	0	0	0	2	10	0	0	0	0	0	0
DEL00000306	0	0	0	1	10	0	0	0	0	0	0
DEL00000311	1	1	0	1	10	0	0	0	0	0	0
DEL00000317	0	0	0	2	11	1	0	0	0	0	0
DEL00000319	0	0	0	1	13	1	2	0	0	0	0
DEL00000325	0	0	0	1	10	0	0	0	0	0	0
DEL00000329	0	0	0	1	14	2	2	0	0	0	0
INS00000330	0	0	0	1	12	2	0	0	0	0	0
DEL00000333	0	0	0	1	11	0	0	0	0	0	1
INS00000334	0	0	0	1	11	0	0	0	0	0	1
INS00000336	1	100	0	1	11	0	0	0	0	0	1
INS00000337	1	100	0	1	10	0	0	0	0	0	0
DEL00000338	1	100	0	1	18	0	2	0	2	0	0
DEL00000343	1	1	0	1	9	0	0	0	0	0	0
INV00000344	1	5	0	1	9	0	0	0	0	0	0
DEL00000345	1	4	0	2	9	0	0	0	0	0	0
DEL00000346	1	35	0	1	9	0	0	0	0	0	0
DEL00000348	1	4	0	1	9	0	0	0	0	0	0
INS00000350	1	49	0	1	9	0	0	0	0	0	0
DEL00000351	1	49	0	1	9	0	0	0	0	0	0
INS00000354	0	0	0	1	11	0	2	0	0	0	0
DEL00000360	0	0	0	1	9	0	2	0	0	0	0
DEL00000365	0	0	0	1	7	0	0	0	0	0	0
DUP00000366	0	0	0	1	7	0	0	0	0	0	0
DEL00000370	0	0	0	1	7	0	0	0	0	0	0
DEL00000374	0	0	0	1	8	0	0	0	0	0	0
DEL00000376	0	0	0	1	7	0	0	0	0	0	0
DEL00000377	0	0	0	1	7	0	0	0	0	0	0
INV00000384	0	0	0	1	7	0	0	0	0	0	0
DEL00000388	0	0	0	1	7	0	0	0	0	0	0
DEL00000389	0	0	0	1	9	0	0	0	4	0	0
DEL00000394	0	0	0	1	10	0	0	0	3	0	0
DEL00000395	0	0	0	1	11	0	0	0	4	0	0
INS00000396	0	0	0	1	5	0	0	0	0	0	0
INS00000397	1	5	0	1	3	0	0	0	0	0	0
DEL00000402	1	1	0	1	2	0	0	0	0	0	0
INS00000404	0	0	0	1	2	0	0	0	0	0	0
DEL00000405	0	0	0	1	2	0	0	0	0	0	0
DEL00000408	0	0	0	1	4	0	2	0	0	0	0
DEL00000409	0	0	0	1	2	0	0	0	0	0	0
DEL00000410	0	0	0	1	4	0	0	0	0	0	0
DUP00000415	0	0	0	1	2	0	0	0	0	0	0
DEL00000417	0	0	0	1	2	0	0	0	0	0	0
DEL00000421	0	0	0	1	2	1	0	0	0	0	0
INS00000422	0	0	0	1	4	1	0	0	0	0	0
DEL00000426	0	0	0	1	4	1	0	0	0	0	0
INS00000427	1	49	0	1	4	1	0	0	0	0	0
DEL00000433	1	16	0	1	3	0	0	0	0	0	0
DEL00000434	0	0	0	1	7	0	2	0	0	0	0
DEL00000435	0	0	0	1	3	0	0	0	0	0	0
DEL00000436	0	0	0	1	3	0	0	0	0	0	0
DEL00000445	1	4	0	1	1	0	0	0	0	0	0
INS00000449	1	1	20	1	0	0	0	0	0	0	0
DEL00000450	1	1	0	1	0	0	0	0	0	0	0
DEL00000451	1	4	0	1	0	0	0	0	0	0	0
DEL00000452	0	0	0	1	0	0	0	0	0	0	0
DEL00000454	1	1	0	1	4	2	0	0	0	0	0
DEL00000459	1	9	0	1	2	5	0	0	0	0	0
DEL00000466	0	0	0	1	6	2	0	0	0	0	0
DEL00000467	1	1	0	1	2	0	0	0	0	0	0
DEL00000468	0	0	0	1	2	0	0	0	0	0	0
DEL00000470	1	4	0	1	4	0	0	0	0	0	0
DEL00000478	0	0	0	1	4	0	0	0	0	0	0
INS00000479	1	1	0	1	4	0	0	0	0	0	0
DEL00000493	0	0	0	1	4	0	0	0	0	0	0
DEL00000495	0	0	0	1	8	0	0	0	0	1	0
DEL00000507	0	0	0	1	8	0	0	0	0	0	0
DEL00000521	1	6	0	1	6	1	0	0	0	0	0
DEL00000533	0	0	0	3	16	14	2	7	0	8	0
DEL00000535	0	0	0	1	13	13	0	7	0	8	0
DEL00000545	0	0	0	1	8	1	0	0	0	0	0
DEL00000550	0	0	0	1	6	1	0	0	0	0	0
DEL00000553	0	0	0	1	5	0	0	0	0	0	0
DEL00000554	0	0	0	1	5	0	0	0	0	0	0
DEL00000557	1	1	0	1	5	0	0	0	0	0	0
DEL00000560	1	1	0	2	5	0	0	0	0	0	0
DEL00000564	1	4	0	1	5	0	0	0	0	0	0
DEL00000565	2	13	569	11	5	0	0	0	0	0	0
DEL00000567	1	1	0	1	5	0	0	0	0	0	0
DEL00000572	0	0	0	1	7	2	0	0	0	0	0
DEL00000573	0	0	0	1	7	2	0	0	0	0	0
DEL00000575	0	0	0	1	7	2	0	0	0	0	0
DUP00000577	0	0	0	1	6	0	0	0	0	0	0
DEL00000578	0	0	0	1	6	2	0	0	0	0	0
DEL00000579	0	0	0	1	8	2	2	0	0	0	0
INS00000580	0	0	0	1	6	0	0	0	0	0	0
DEL00000581	0	0	0	1	8	0	2	0	0	0	0
DEL00000586	0	0	0	1	11	0	2	0	0	0	0
DEL00000587	0	0	0	1	9	0	0	0	0	0	0
DEL00000589	0	0	0	1	7	0	0	0	0	0	0
DEL00000590	1	4	0	1	7	0	0	0	0	0	0
DEL00000595	0	0	0	1	5	0	0	0	0	0	0
DEL00000596	0	0	0	1	5	0	0	0	0	0	0
INV00000597	1	36	0	1	5	0	0	0	0	0	0
DEL00000599	0	0	0	1	5	0	0	0	0	0	0
DEL00000600	0	0	0	1	5	0	0	0	0	0	0
DEL00000601	0	0	0	1	5	0	0	0	0	0	0
DEL00000603	0	0	0	1	5	0	0	0	0	0	0
INS00000605	0	0	0	1	5	0	0	0	0	0	0
DEL00000606	0	0	0	6	7	0	2	0	0	0	0
DEL00000608	0	0	0	1	5	0	0	0	0	0	0
INS00000609	0	0	0	1	7	0	0	0	0	0	0
DEL00000610	1	12	0	1	7	0	0	0	0	0	0
DEL00000613	0	0	0	1	7	0	0	0	0	0	0
DEL00000617	0	0	0	1	81	6	0	6	4	8	2
INS00000619	1	1	0	1	65	9	0	6	4	11	1
INS00000628	0	0	0	1	8	1	0	0	0	0	0
DEL00000629	0	0	0	1	13	1	2	0	0	3	0
DEL00000630	0	0	0	1	10	1	0	0	0	0	0
DEL00000634	1	20	0	1	14	1	0	0	2	0	0
DEL00000639	0	0	0	1	9	0	0	0	0	0	0
INS00000640	0	0	0	1	9	0	0	0	0	0	0
DEL00000642	0	0	0	1	7	0	0	0	0	0	0
DEL00000643	1	20	0	1	9	0	0	0	2	0	0
DEL00000645	0	0	0	1	7	0	0	0	0	0	0
DEL00000646	1	16	0	1	11	0	0	0	0	0	0
DEL00000647	0	0	0	1	11	0	0	0	0	0	0
DEL00000649	0	0	0	1	11	0	0	0	0	0	0
DEL00000651	0	0	0	1	9	0	0	0	0	0	0
DEL00000659	1	4	0	1	7	0	0	0	0	0	0
INS00000663	0	0	0	1	2	0	0	0	0	0	0
DEL00000666	0	0	0	1	5	2	0	0	0	0	0
DEL00000672	0	0	0	1	2	0	0	0	0	0	0
INS00000674	1	1	0	1	2	1	0	0	0	0	0
DEL00000677	0	0	0	1	1	0	0	0	0	0	0
DEL00000679	1	16	0	1	0	0	0	0	0	0	0
INS00000686	1	16	0	1	0	0	0	0	0	0	0
DEL00000690	0	0	0	1	0	0	0	0	0	0	0
DEL00000691	0	0	0	1	0	0	0	0	0	0	0
DEL00000695	0	0	0	1	0	0	0	0	0	0	0
DEL00000709	0	0	0	1	1	0	0	0	0	0	0
DEL00000710	0	0	0	1	3	0	0	0	0	0	0
DEL00000712	0	0	0	1	4	2	0	0	0	0	0
DEL00000713	0	0	0	1	4	2	0	0	0	0	0
DEL00000714	0	0	0	1	6	2	2	0	0	0	0
DEL00000718	0	0	0	1	3	0	0	0	0	0	0
DEL00000719	0	0	0	1	3	0	0	0	0	0	0
DEL00000720	0	0	0	1	3	0	0	0	0	0	0
INS00000726	0	0	0	1	7	0	0	0	0	0	0
DEL00000731	1	9	0	1	7	0	0	0	0	0	0
DEL00000732	0	0	0	1	7	0	0	0	0	0	0
DEL00000737	0	0	0	1	8	0	0	0	0	0	0
DEL00000740	0	0	0	1	8	0	0	0	0	0	0
DEL00000742	0	0	0	1	8	0	0	0	0	0	0
DEL00000743	0	0	0	1	10	0	2	0	0	0	0
DEL00000745	0	0	0	1	8	0	0	0	0	0	0
DEL00000748	0	0	0	1	8	0	0	0	0	0	0
DEL00000750	0	0	0	1	11	1	0	0	0	0	0
INS00000751	0	0	0	1	11	1	0	0	0	0	0
DEL00000752	1	4	0	1	9	1	0	0	0	0	0
DEL00000753	0	0	0	1	9	1	0	0	0	0	0
DEL00000755	0	0	0	1	6	0	0	0	0	0	0
DEL00000756	1	2	0	1	10	0	2	0	0	0	0
DEL00000758	0	0	0	1	10	0	0	0	0	0	0
DEL00000760	0	0	0	1	9	0	0	0	0	0	0
DEL00000761	1	6	0	3	11	0	0	0	0	0	0
DEL00000762	0	0	0	1	7	0	0	0	0	0	0
DEL00000763	0	0	0	1	7	0	0	0	0	0	0
INS00000764	1	1	0	1	7	0	0	0	0	0	0
DEL00000775	0	0	0	1	5	0	0	0	0	0	0
DEL00000777	0	0	0	1	5	0	0	0	0	0	0
DEL00000779	1	3	0	1	5	0	0	0	0	0	0
DEL00000780	0	0	0	1	7	0	0	0	0	0	0
DEL00000781	1	4	0	1	9	0	0	0	4	0	0
DEL00000782	0	0	0	1	5	0	0	0	0	0	0
DEL00000784	0	0	0	1	5	0	0	0	0	0	0
DEL00000786	0	0	0	1	7	0	2	0	1	0	0
DEL00000794	0	0	0	1	6	0	0	0	0	0	0
INS00000797	0	0	0	1	6	0	0	0	0	0	0
DEL00000798	0	0	0	2	6	0	0	0	0	0	0
DEL00000799	0	0	0	1	8	0	2	0	0	0	0
DEL00000805	0	0	0	1	6	0	0	0	0	0	0
DEL00000808	0	0	0	1	8	0	0	0	0	0	0
DEL00000811	1	25	0	1	6	0	0	0	0	0	0
INS00000812	0	0	0	1	8	0	0	0	2	0	0
BND00000814	0	0	0	1	6	0	0	0	0	0	0
DEL00000818	0	0	0	1	6	0	0	0	0	0	0
DEL00000819	0	0	0	1	6	0	0	0	0	0	0
DEL00000820	0	0	0	1	6	0	0	0	0	0	0
DEL00000822	0	0	0	1	8	0	2	0	0	0	0
DEL00000825	0	0	0	1	5	0	0	0	0	0	0
INS00000826	1	100	0	1	5	0	0	0	0	0	0
DEL00000827	0	0	0	1	5	0	0	0	0	0	0
DEL00000830	0	0	0	1	5	0	0	0	0	0	0
INS00000832	0	0	0	1	5	0	0	0	0	0	0
INS00000833	0	0	0	1	5	0	0	0	0	0	0
DEL00000836	1	4	0	1	4	0	0	0	0	0	0
DEL00000837	1	1	0	1	4	0	0	0	0	0	0
DEL00000846	0	0	0	1	4	0	0	0	0	0	0
DEL00000848	1	9	0	1	2	0	0	0	0	0	0
DEL00000849	0	0	0	1	4	0	0	0	0	0	0
INS00000850	0	0	0	1	4	0	0	0	0	0	0
INS00000851	1	1	0	1	4	0	0	0	0	0	0
DEL00000857	1	1	0	1	4	0	0	0	0	0	0
DEL00000859	0	0	0	1	4	0	0	0	0	0	0
DEL00000860	1	1	0	1	4	0	0	0	0	0	0
DEL00000865	0	0	0	1	4	0	0	0	0	0	0
INS00000866	0	0	0	1	4	0	0	0	0	0	0
DEL00000868	0	0	0	1	4	0	0	0	0	0	0
DEL00000869	0	0	0	1	4	1	0	0	0	0	0
DEL00000870	1	1	0	2	4	0	0	0	0	0	0
DEL00000894	0	0	0	1	4	0	0	0	0	0	0
DEL00000901	0	0	0	1	4	0	0	0	0	0	0
DEL00000902	0	0	0	1	4	0	0	0	0	0	0
DEL00000903	0	0	0	1	4	0	0	0	0	0	0
INV00000913	1	1	0	1	4	0	0	0	0	0	0
DEL00000915	0	0	0	1	6	2	0	0	0	0	0
DEL00000920	0	0	0	1	4	0	0	0	0	0	0
DEL00000923	0	0	0	1	3	0	2	0	0	0	1
DEL00000928	0	0	0	1	0	0	0	0	0	0	0
DEL00000930	0	0	0	1	0	0	0	0	0	0	0
DEL00000931	1	16	0	1	0	0	0	0	0	0	0
DEL00000932	0	0	0	1	0	0	0	0	0	0	0
DEL00000933	1	4	0	1	0	0	0	0	0	0	0
DEL00000938	0	0	0	1	0	0	0	0	0	0	0
DEL00000941	0	0	0	1	0	0	0	0	0	0	0
INS00000943	0	0	0	1	0	0	0	0	0	0	0
DEL00000944	0	0	0	1	0	1	0	0	0	0	0
DEL00000950	0	0	0	1	8	0	2	0	0	0	0
DEL00000951	1	1	0	1	2	0	2	0	0	0	0
INS00000954	0	0	0	1	6	0	0	0	0	0	0
DEL00000956	0	0	0	1	6	0	0	0	0	0	0
INS00000960	1	9	0	1	6	0	0	0	0	0	0
DEL00000961	0	0	0	1	6	0	0	0	0	0	0
INS00000962	1	16	0	1	6	0	0	0	0	0	0
DEL00000964	0	0	0	1	6	0	0	0	0	0	0
DEL00000965	0	0	0	1	6	0	0	0	0	0	0
DEL00000970	0	0	0	1	6	0	0	0	0	0	0
DEL00000971	0	0	0	1	6	0	0	0	0	0	0
DEL00000973	0	0	0	1	7	1	0	0	0	0	0
DEL00000975	0	0	0	1	7	1	0	0	0	0	0
DEL00000977	0	0	0	1	7	0	0	0	0	0	0
DEL00000978	1	1	0	1	7	0	0	0	0	0	0
DEL00000980	0	0	0	1	7	0	0	0	0	0	0
DEL00000983	0	0	0	1	7	0	0	0	0	0	0
DEL00000984	0	0	0	1	7	0	0	0	0	0	0
INS00000986	0	0	0	1	5	0	0	0	0	0	0
DEL00000988	0	0	0	1	5	0	0	0	0	0	0
DEL00000990	0	0	0	1	5	0	0	0	0	0	0
DEL00000991	0	0	0	1	5	0	0	0	0	0	0
DEL00000994	0	0	0	1	6	0	0	0	0	0	0
DEL00000998	0	0	0	1	6	0	0	0	0	0	0
DEL00001000	0	0	0	1	6	0	0	0	0	0	0
DEL00001002	0	0	0	1	6	0	0	0	0	0	0
INS00001003	0	0	0	1	6	0	0	0	0	0	0
DEL00001004	2	2	0	1	6	0	0	0	0	0	0
INS00001006	1	40	0	1	6	0	0	0	0	0	0
DEL00001007	1	40	0	1	6	0	0	0	0	0	0
DEL00001008	1	4	0	2	6	0	0	0	0	0	0
DEL00001010	1	36	1674	9	6	0	0	0	0	0	0
DEL00001012	0	0	0	1	6	0	0	0	0	0	0
INS00001013	0	0	0	1	6	0	0	0	0	0	0
DEL00001017	1	4	0	1	12	0	0	0	0	0	0
DEL00001018	1	1	0	2	6	2	0	0	0	0	0
DEL00001020	0	0	0	1	6	2	0	0	0	0	0
DEL00001021	0	0	0	1	6	2	0	0	0	0	0
DEL00001024	0	0	0	1	6	1	0	0	0	0	0
DEL00001025	0	0	0	1	5	0	0	0	0	0	0
BND00001027	1	1	0	1	5	0	0	0	0	0	0
DEL00001028	1	1	0	1	5	0	0	0	0	0	0
DEL00001029	1	1	0	1	7	0	2	0	0	0	0
BND00001031	0	0	0	1	6	0	0	0	0	0	0
INS00001032	1	6	0	1	6	0	0	0	0	0	0
DEL00001033	1	36	0	1	6	0	0	0	0	0	0
DEL00001036	0	0	0	1	6	0	0	0	0	0	0
DEL00001040	0	0	0	1	7	0	0	0	0	0	1
DEL00001041	0	0	0	1	7	0	0	0	0	0	1
DEL00001043	0	0	0	1	6	0	0	0	0	0	0
DEL00001044	0	0	0	1	6	0	0	0	0	0	0
DEL00001046	1	1	0	1	6	0	0	0	0	0	0
DEL00001056	0	0	0	1	10	0	0	0	0	0	0
DEL00001065	0	0	0	1	10	0	0	0	0	0	0
DEL00001067	0	0	0	1	12	0	0	0	0	0	0
DEL00001070	0	0	0	1	14	3	0	0	0	0	0
BND00001071	0	0	0	1	14	3	0	0	0	0	0
DEL00001072	1	1	0	1	14	3	0	0	0	0	0
DEL00001073	0	0	0	1	14	3	0	0	0	0	0
DEL00001080	0	0	0	1	10	0	0	0	0	0	0
DEL00001081	0	0	0	1	10	2	0	0	0	0	0
DEL00001082	0	0	0	1	10	2	0	0	0	0	0
DEL00001085	8	8	52	5	115	10	8	9	17	9	2
INV00001091	1	1	9	1	17	2	0	0	2	2	0
DEL00001093	1	36	0	3	12	0	0	0	0	0	0
INS00001094	0	0	0	1	12	0	0	0	0	0	0
DEL00001097	0	0	0	1	12	0	0	0	0	0	0
INS00001100	1	1	0	1	14	0	0	0	0	0	0
DEL00001101	1	1	0	1	14	0	0	0	0	0	0
DEL00001102	1	1	0	1	14	0	0	0	0	0	0
DEL00001106	0	0	0	1	14	0	0	0	0	0	0
DEL00001107	0	0	0	1	20	0	2	0	0	0	0
DEL00001119	1	4	0	1	8	0	0	0	0	0	0
DEL00001121	0	0	0	1	7	0	0	0	0	0	0
DEL00001126	0	0	0	1	4	0	0	0	0	0	0
DEL00001129	1	4	0	1	4	0	0	0	0	0	0
DEL00001132	1	4	124	1	4	0	0	0	0	0	0
DEL00001136	1	4	0	1	4	0	0	0	0	0	0
DEL00001141	1	9	0	1	4	0	0	0	0	0	0
DUP00001142	1	36	0	1	4	0	0	0	0	0	0
DEL00001143	1	36	0	1	4	0	0	0	0	0	0
DEL00001147	0	0	0	1	5	2	0	0	0	0	0
DEL00001148	0	0	0	1	5	2	0	0	0	0	0
DEL00001149	1	1	0	1	5	2	0	0	0	0	0
DEL00001151	1	1	0	1	5	2	0	0	0	0	0
DEL00001153	0	0	0	1	5	2	0	0	0	0	0
DEL00001156	0	0	0	1	5	2	0	0	0	0	0
DEL00001164	1	4	0	1	4	0	0	0	0	0	0
DEL00001165	1	6	0	2	4	0	0	0	0	0	0
DEL00001167	0	0	0	1	4	0	0	0	0	0	0
DEL00001179	0	0	0	1	2	0	0	0	0	0	2
DEL00001245	1	4	108	1	0	0	0	0	0	0	0
DEL00001246	1	4	54	1	0	0	0	0	0	0	0
DEL00001248	1	4	54	1	0	0	0	0	0	0	0
DEL00001249	1	12	0	1	0	0	0	0	0	0	0
DEL00001251	1	1	0	1	0	0	0	0	0	0	0
DEL00001260	0	0	0	1	5	0	0	0	0	0	0
DEL00001261	0	0	0	1	5	0	0	0	0	0	0
INS00001265	0	0	0	1	3	0	0	0	0	0	0
DEL00001270	0	0	0	1	1	2	0	0	0	0	0
DEL00001273	0	0	0	1	1	2	0	0	0	0	0
DEL00001274	0	0	0	1	1	2	0	0	0	0	0
DUP00001280	1	9	852	236	13	9	0	2	2	3	0
DEL00001282	0	0	0	1	2	5	0	2	2	1	0
BND00001285	1	9	0	1	5	9	0	2	2	3	0
DEL00001290	1	1	0	1	3	2	0	0	0	0	0
DEL00001291	1	1	0	1	5	2	0	0	0	0	0
DEL00001292	0	0	0	1	5	2	0	0	0	0	0
DEL00001293	1	1	0	2	3	0	0	0	0	0	0
DEL00001294	1	1	0	1	5	0	2	0	0	0	0
INS00001295	0	0	0	1	5	0	0	0	0	0	0
DEL00001296	1	1	0	1	3	0	0	0	0	0	0
DEL00001299	0	0	0	1	9	0	0	0	4	0	0
DEL00001301	0	0	0	1	5	0	0	0	2	0	0
DEL00001302	0	0	0	1	11	0	0	0	6	0	0
DEL00001303	0	0	0	1	14	0	0	0	9	0	0
INS00001304	0	0	0	1	4	0	0	0	0	0	0
DEL00001306	0	0	0	1	11	0	0	0	2	0	0
DEL00001308	0	0	0	1	13	0	2	0	3	0	0
DEL00001309	0	0	0	1	7	0	0	0	0	0	1
DEL00001312	0	0	0	1	6	0	0	0	0	0	0
DEL00001314	0	0	0	1	10	0	2	0	0	0	0
INS00001315	0	0	0	1	8	0	0	0	0	0	0
INS00001316	0	0	0	1	8	0	0	0	0	0	0
DEL00001318	1	4	100	1	8	0	0	0	0	0	0
DEL00001320	0	0	0	3	8	4	0	0	0	0	0
DEL00001321	0	0	0	1	8	0	0	0	0	0	0
DEL00001325	1	1	0	1	10	0	0	0	0	0	0
INS00001328	0	0	0	1	16	0	0	0	0	0	0
DEL00001329	0	0	0	1	16	0	0	0	0	0	0
DUP00001333	0	0	0	1	16	0	0	0	0	0	0
DEL00001335	0	0	0	1	16	0	0	0	0	0	0
DEL00001337	1	4	0	1	16	0	0	0	0	0	0
DEL00001338	1	1	0	1	17	0	0	0	0	0	0
DEL00001341	0	0	0	1	17	0	0	0	0	0	0
DEL00001342	1	9	0	1	17	0	0	0	0	0	0
DUP00001343	1	9	0	1	17	0	0	0	0	0	0
DEL00001344	0	0	0	1	19	0	2	0	0	0	0
DEL00001348	0	0	0	1	17	0	0	0	0	0	0
INS00001351	0	0	0	1	17	0	0	0	0	0	0
DEL00001353	1	100	0	1	17	0	0	0	0	0	0
DEL00001354	1	6	0	1	17	0	0	0	0	0	0
DEL00001359	0	0	0	1	15	0	0	0	0	0	0
DEL00001362	0	0	0	1	15	0	0	0	0	0	0
DEL00001367	1	9	0	1	18	0	0	0	0	0	0
INS00001369	0	0	0	1	18	0	0	0	0	0	0
DEL00001370	0	0	0	1	20	0	2	0	0	0	0
DEL00001372	1	3	0	1	13	1	0	0	0	0	0
DEL00001373	1	3	0	1	13	1	0	0	0	0	0
INS00001375	0	0	0	1	13	1	0	0	0	0	0
BND00001378	0	0	0	1	13	1	0	0	0	0	0
DEL00001379	1	16	0	1	11	1	0	0	0	0	0
DEL00001381	0	0	0	1	14	0	0	0	0	0	0
DEL00001382	0	0	0	1	12	0	0	0	0	0	0
DEL00001385	0	0	0	1	12	0	0	0	0	0	0
DEL00001386	0	0	0	1	12	0	0	0	0	0	0
DEL00001387	0	0	0	1	12	0	0	0	0	0	0
DEL00001390	0	0	0	1	17	0	0	0	0	0	0
DEL00001391	0	0	0	1	17	0	0	0	0	0	0
DEL00001392	0	0	0	1	17	0	0	0	0	0	0
DEL00001393	0	0	0	1	17	0	0	0	0	0	0
DEL00001394	0	0	0	1	19	0	2	0	0	0	0
DEL00001397	0	0	0	1	16	0	0	0	0	0	0
INS00001399	0	0	0	1	18	1	2	0	2	0	0
INV00001401	0	0	0	1	17	0	4	0	0	0	0
DEL00001403	0	0	0	1	15	0	0	0	0	0	2
DEL00001406	1	1	0	1	13	0	0	0	0	0	0
DEL00001409	0	0	0	1	13	0	0	0	0	0	0
DEL00001411	1	16	0	1	13	0	0	0	2	0	0
DEL00001412	0	0	0	1	11	0	0	0	0	0	0
DEL00001413	1	9	252	1	10	0	0	0	0	0	0
DEL00001418	1	3	0	1	10	0	0	0	0	0	0
DEL00001422	0	0	0	1	10	0	0	0	0	0	0
DEL00001423	0	0	0	1	10	0	0	0	0	0	0
DEL00001424	0	0	0	1	10	0	0	0	0	0	0
DEL00001425	0	0	0	1	8	0	2	0	0	0	0
DEL00001429	0	0	0	1	8	0	0	0	0	0	0
DEL00001431	1	2	0	1	8	0	0	0	0	0	0
DEL00001434	1	5	0	1	8	0	2	0	0	0	0
DEL00001437	1	1	10	1	6	0	0	0	0	0	0
DEL00001440	0	0	0	1	6	0	0	0	0	0	0
INS00001442	1	1	0	1	7	0	0	0	0	0	0
INS00001443	1	4	0	1	6	0	0	0	0	0	0
DEL00001444	1	1	0	3	6	0	0	0	0	0	0
DEL00001446	0	0	0	1	4	0	0	0	0	0	0
DEL00001447	0	0	0	1	4	0	0	0	0	0	0
DEL00001450	0	0	0	1	4	0	0	0	0	0	0
DEL00001451	0	0	0	1	4	0	0	0	0	0	0
INS00001452	0	0	0	1	4	0	0	0	0	0	0
DEL00001453	0	0	0	1	4	0	0	0	0	0	0
DEL00001458	0	0	0	1	4	0	0	0	0	0	0
DEL00001459	0	0	0	1	4	0	0	0	0	0	0
DEL00001467	0	0	0	1	3	1	2	0	2	0	0
DEL00001472	0	0	0	1	1	0	0	0	0	0	0
DEL00001480	1	2	0	1	5	0	2	0	0	0	0
DEL00001481	0	0	0	1	3	0	0	0	0	0	0
DEL00001483	0	0	0	2	5	0	0	0	0	0	0
INS00001491	0	0	0	1	3	0	0	0	0	0	0
DEL00001492	0	0	0	1	5	0	2	0	0	0	0
DEL00001499	1	16	0	1	5	0	2	0	0	0	0
DEL00001502	2	2	0	1	5	0	0	0	2	0	0
DEL00001504	1	1	0	1	0	0	0	0	0	0	0
DEL00001505	0	0	0	1	0	0	0	0	0	0	0
DEL00001508	1	1	0	2	0	0	0	0	0	0	0
DEL00001510	1	4	0	1	0	0	0	0	0	0	1
DEL00001511	0	0	0	1	0	0	0	0	0	0	0
DEL00001514	0	0	0	1	0	0	0	0	0	0	0
DEL00001515	0	0	0	1	2	0	0	0	0	0	0
DEL00001518	0	0	0	1	2	0	2	0	0	0	0
BND00001519	0	0	0	1	0	0	0	0	0	0	0
INS00001520	0	0	0	1	0	0	0	0	0	0	0
DEL00001522	1	9	0	1	0	0	2	0	0	0	0
DEL00001523	0	0	0	1	2	0	2	0	0	0	0
DEL00001528	1	4	0	1	0	0	0	0	0	0	0
DEL00001529	2	17	0	1	0	0	0	0	0	0	0
DEL00001530	1	4	44	1	2	2	0	0	0	0	0
INS00001532	0	0	0	1	1	0	0	0	0	0	0
DEL00001538	1	4	0	1	7	0	0	0	0	0	0
DEL00001558	0	0	0	1	25	28	0	0	0	6	4
DEL00001570	0	0	0	1	13	4	0	0	0	0	2
DEL00001576	0	0	0	1	13	4	0	0	0	0	1
DEL00001577	0	0	0	1	13	3	0	0	0	0	1
DEL00001597	0	0	0	1	40	57	0	0	0	0	0
DEL00001598	0	0	0	1	42	57	0	0	0	0	0
DEL00001605	0	0	0	1	27	0	2	0	0	0	0
DEL00001610	1	1	0	1	26	0	0	0	0	0	0
DEL00001615	0	0	0	1	26	0	0	2	0	0	0
DEL00001620	1	16	0	1	32	6	0	0	0	0	2
DEL00001621	0	0	0	1	30	6	0	0	0	0	0
DEL00001624	1	9	0	1	31	6	0	0	0	4	0
DEL00001625	1	4	46	4	32	6	0	0	0	0	0
DEL00001626	0	0	0	1	32	6	0	0	0	0	0
DEL00001629	0	0	0	3	27	0	0	0	0	0	0
DEL00001631	0	0	0	2	27	0	0	0	0	0	0
DEL00001632	0	0	0	1	27	0	0	0	0	0	0
DEL00001633	0	0	0	3	27	0	0	0	0	0	0
DEL00001635	1	1	0	1	27	0	0	0	0	0	0
DEL00001641	0	0	0	1	27	0	0	0	0	0	0
DEL00001646	1	16	0	1	28	0	0	0	0	0	0
DEL00001651	0	0	0	1	25	0	0	0	0	0	0
DEL00001652	0	0	0	1	25	0	0	0	0	0	0
DEL00001654	1	1	0	1	29	0	0	0	2	0	0
DEL00001655	1	1	0	1	32	0	0	0	2	3	0
DEL00001657	0	0	0	1	27	0	2	0	0	0	0
DEL00001659	1	6	0	1	25	0	0	0	0	0	0
DEL00001660	0	0	0	1	23	0	0	0	0	0	0
DEL00001667	0	0	0	1	18	0	0	0	0	0	0
DEL00001669	0	0	0	1	18	0	0	0	0	0	0
INS00001670	0	0	0	1	18	0	0	0	0	0	0
DEL00001672	0	0	0	3	18	0	0	0	0	0	0
INV00001677	0	0	0	1	18	4	0	0	0	0	0
DEL00001679	0	0	0	1	18	4	0	0	0	0	0
DEL00001686	1	1	0	1	14	0	0	0	0	0	0
DEL00001687	1	1	14	3	14	0	0	0	0	0	0
DEL00001688	0	0	0	1	14	0	0	0	0	0	0
DEL00001689	0	0	0	1	14	0	0	0	0	0	0
DEL00001691	0	0	0	2	14	0	0	0	0	0	0
INS00001693	0	0	0	1	14	0	0	0	0	0	0
INS00001694	0	0	0	1	15	0	0	0	0	1	0
DEL00001696	1	9	0	1	18	0	0	0	0	4	0
DEL00001697	0	0	0	1	13	0	0	0	0	0	0
DEL00001698	1	1	0	1	13	0	0	0	0	0	0
INS00001699	0	0	0	1	14	0	0	0	0	0	0
DEL00001700	0	0	0	1	14	0	2	0	0	0	0
DEL00001702	1	24	0	1	11	0	0	0	0	0	0
DEL00001703	0	0	0	2	9	0	0	0	0	0	0
INS00001704	0	0	0	1	9	0	0	0	0	0	0
DEL00001707	0	0	0	1	11	0	2	0	0	0	0
DEL00001711	1	1	0	3	9	0	0	0	0	0	0
DEL00001713	1	4	0	1	9	0	0	0	0	0	0
DEL00001714	0	0	0	1	9	0	0	0	0	0	0
DEL00001717	1	1	0	1	13	0	0	0	0	0	0
DEL00001718	1	1	0	4	13	0	0	0	0	0	0
INV00001721	0	0	0	1	13	2	0	0	0	0	0
INS00001729	0	0	0	1	11	0	0	0	0	0	0
DEL00001734	0	0	0	1	13	0	0	0	0	0	0
DEL00001735	0	0	0	1	13	0	0	0	0	0	0
INV00001738	1	80	0	1	13	0	0	0	0	0	0
DEL00001739	1	4	0	1	17	0	2	0	0	0	0
DEL00001744	0	0	0	1	24	0	0	0	3	0	0
DEL00001746	0	0	0	1	17	0	0	0	0	0	0
INS00001750	0	0	0	1	16	0	0	0	0	0	0
DEL00001751	1	4	0	1	16	0	0	0	0	0	0
DEL00001753	0	0	0	1	16	0	0	0	0	0	0
DEL00001755	1	4	0	1	16	0	0	0	0	0	0
INS00001758	0	0	0	1	14	0	0	0	0	0	0
DEL00001760	0	0	0	1	14	0	0	0	0	0	0
DEL00001764	1	4	0	1	14	0	0	0	0	0	0
INS00001766	1	1	0	1	15	1	0	0	0	0	0
DEL00001769	0	0	0	4	10	0	0	0	0	0	0
DEL00001772	0	0	0	1	10	0	0	0	0	0	0
DEL00001773	0	0	0	1	10	0	0	0	0	0	0
DEL00001775	0	0	0	1	12	0	2	0	0	0	0
DEL00001779	0	0	0	1	6	0	0	0	0	0	0
DEL00001784	0	0	0	1	6	0	2	0	0	0	0
DEL00001788	0	0	0	1	2	0	0	0	0	0	0
DEL00001790	1	2	0	1	0	2	2	0	0	0	0
DEL00001793	1	16	0	1	0	0	0	0	0	0	0
INS00001796	0	0	0	1	0	0	0	0	0	0	0
DEL00001797	0	0	0	1	0	0	0	0	0	0	0
INS00001803	0	0	0	1	0	0	0	0	0	0	0
DEL00001806	0	0	0	1	2	0	2	0	0	0	0
DEL00001807	0	0	0	1	2	0	2	0	0	0	0
DEL00001809	1	1	25	1	0	0	0	0	0	0	0
DEL00001810	0	0	0	1	0	0	0	0	0	0	0
DEL00001812	0	0	0	1	2	0	2	0	0	0	0
DEL00001815	0	0	0	1	0	0	0	0	0	0	0
DEL00001816	0	0	0	1	1	0	0	0	0	0	0
DEL00001817	1	4	0	2	3	0	0	0	0	0	0
DEL00001821	0	0	0	1	3	0	0	0	0	0	0
DEL00001823	0	0	0	1	7	0	2	2	0	0	0
DEL00001825	0	0	0	1	4	1	0	0	0	0	0
INS00001827	0	0	0	1	4	1	0	0	0	0	0
INS00001828	0	0	0	1	6	1	0	0	0	0	0
DEL00001829	0	0	0	1	8	1	2	0	0	0	0
INS00001830	0	0	0	1	5	1	0	0	0	0	0
INS00001833	0	0	0	1	2	0	0	0	0	0	0
DEL00001834	0	0	0	1	5	0	0	0	0	0	0
DEL00001835	0	0	0	1	5	0	0	0	0	0	0
DEL00001838	0	0	0	1	5	0	2	0	0	0	0
DEL00001841	0	0	0	1	7	0	0	0	0	0	0
DEL00001844	0	0	0	1	9	0	0	0	0	0	0
DEL00001848	0	0	0	1	7	0	0	0	0	0	0
DEL00001850	0	0	0	1	9	0	2	0	0	0	0
DEL00001851	0	0	0	1	8	1	0	0	0	0	0
INS00001853	0	0	0	1	8	1	0	0	0	0	0
DEL00001872	0	0	0	1	7	0	0	0	0	0	0
DEL00001874	1	9	0	1	7	0	0	0	0	0	0
DEL00001875	1	2	0	1	7	0	0	0	0	0	0
DEL00001877	0	0	0	1	10	0	0	0	0	0	1
DEL00001878	0	0	0	1	7	0	0	0	0	0	0
DEL00001879	0	0	0	1	7	0	0	0	0	0	0
DEL00001880	1	1	0	1	7	0	0	0	0	0	0
BND00001885	0	0	0	1	13	0	2	0	0	0	0
INS00001886	0	0	0	1	11	0	0	0	0	0	0
INS00001887	0	0	0	1	12	0	0	0	0	0	1
DEL00001890	0	0	0	1	11	0	0	0	0	0	0
DEL00001891	0	0	0	1	11	0	0	0	0	0	0
DEL00001899	0	0	0	1	11	0	0	0	0	0	0
DEL00001900	1	1	0	1	11	0	0	0	0	0	0
DEL00001902	0	0	0	1	11	0	0	0	0	0	0
DEL00001903	0	0	0	1	11	0	0	0	0	0	0
DEL00001904	0	0	0	1	11	0	0	0	0	0	0
DEL00001907	0	0	0	1	9	0	0	0	0	0	0
DEL00001912	0	0	0	1	11	0	0	0	0	0	0
DEL00001918	0	0	0	1	9	0	0	0	0	0	0
DEL00001920	0	0	0	1	9	0	0	0	0	0	0
INS00001921	0	0	0	1	9	0	0	0	0	0	0
DEL00001922	0	0	0	1	9	0	0	0	0	0	0
DEL00001923	0	0	0	1	9	0	0	0	0	0	0
DEL00001924	0	0	0	1	9	0	0	0	0	0	0
DEL00001934	1	4	100	1	9	0	0	0	0	0	0
DEL00001936	1	4	100	1	9	0	0	0	0	0	0
DEL00001940	0	0	0	2	9	0	0	0	0	0	0
DEL00001957	1	3	0	1	7	0	0	0	0	0	0
DEL00001961	0	0	0	1	7	0	0	0	0	0	0
DEL00001962	0	0	0	1	7	0	0	0	0	0	0
DEL00001965	0	0	0	1	3	0	0	0	0	0	0
DEL00001967	1	4	0	1	3	0	0	0	0	0	0
INS00001968	0	0	0	1	3	0	0	0	0	0	0
INS00001970	0	0	0	1	5	0	0	0	0	0	0
DEL00001983	1	4	0	1	4	0	0	0	0	0	0
INS00001984	1	1	0	1	4	0	0	0	0	0	0
DEL00001987	0	0	0	1	6	2	0	0	0	0	2
INS00001988	0	0	0	1	2	0	0	0	0	0	0
DEL00001991	0	0	0	1	4	0	2	0	0	0	0
DEL00001992	0	0	0	1	2	0	0	0	0	0	0
DEL00001996	0	0	0	1	2	0	0	0	0	0	0
DEL00001997	1	4	0	1	4	0	0	0	0	0	0
DEL00001999	0	0	0	1	4	0	0	0	0	0	0
DEL00002002	0	0	0	1	2	0	0	0	0	0	0
DEL00002004	1	9	540	1	2	0	0	0	0	0	0
DEL00002007	1	100	4608	1	4	0	0	0	0	0	0
DEL00002011	0	0	0	1	2	0	0	0	0	0	0
DEL00002014	0	0	0	1	0	0	0	0	0	0	0
BND00002017	0	0	0	1	0	0	0	0	0	0	0
INS00002030	0	0	0	1	0	0	0	0	0	0	0
DEL00002035	0	0	0	1	0	0	0	0	0	0	0
DEL00002037	0	0	0	1	0	0	0	0	0	0	0
DEL00002041	0	0	0	1	0	0	0	0	0	0	0
DEL00002043	0	0	0	1	2	0	0	0	0	0	0
DEL00002045	0	0	0	1	2	0	2	0	0	0	0
DEL00002046	0	0	0	1	6	0	0	0	2	0	0
DEL00002048	0	0	0	1	4	0	2	0	0	0	0
DEL00002050	0	0	0	1	4	0	0	0	0	0	0
DEL00002051	0	0	0	1	6	0	2	0	0	0	0
DEL00002052	0	0	0	1	6	0	0	0	2	0	0
DEL00002054	0	0	0	1	4	0	0	0	0	0	0
DEL00002058	1	14	0	1	6	2	0	0	0	0	0
DEL00002062	0	0	0	3	10	6	0	0	0	0	0
DEL00002063	0	0	0	1	11	6	0	0	0	0	0
DEL00002066	0	0	0	1	11	6	0	0	0	0	0
DEL00002067	1	70	0	1	11	6	0	0	0	0	0
DEL00002070	0	0	0	1	10	4	0	0	0	0	0
DEL00002071	0	0	0	1	10	2	0	0	0	0	0
DEL00002072	0	0	0	5	8	2	0	0	0	0	0
INS00002073	1	1	0	1	8	0	0	0	0	0	0
DEL00002074	1	1	0	5	8	0	0	0	0	0	0
DEL00002076	1	1	0	4	8	0	0	0	0	0	0
DEL00002077	0	0	0	1	8	0	0	0	0	0	0
DEL00002079	0	0	0	1	11	1	0	0	0	0	0
DEL00002080	0	0	0	1	9	2	0	0	0	0	0
DEL00002086	1	1	0	1	8	0	0	0	0	0	0
DEL00002089	0	0	0	2	8	0	0	0	0	0	0
DEL00002094	0	0	0	1	8	0	0	0	0	0	0
DEL00002095	1	16	0	1	8	0	0	0	0	0	0
DEL00002096	0	0	0	1	8	0	0	0	0	0	0
DEL00002097	0	0	0	1	9	1	0	0	0	0	0
DEL00002098	0	0	0	1	9	1	0	0	0	0	0
DEL00002099	0	0	0	1	5	0	0	0	0	0	0
DEL00002101	0	0	0	1	5	0	0	0	0	0	0
DEL00002103	1	4	0	1	5	0	0	0	0	0	0
DEL00002104	1	18	528	1	5	0	0	0	0	0	0
DEL00002106	1	18	1056	1	5	0	0	0	0	0	0
DEL00002107	1	18	1056	1	5	0	0	0	0	0	0
INS00002108	0	0	0	1	5	0	0	0	0	0	0
DEL00002110	0	0	0	1	5	0	0	0	0	0	0
DEL00002113	0	0	0	1	5	0	0	0	0	0	0
DEL00002114	0	0	0	1	5	0	0	0	0	0	0
DEL00002120	0	0	0	1	5	0	0	0	0	0	0
DEL00002123	0	0	0	2	5	0	0	0	0	0	0
DEL00002125	1	1	0	1	6	1	0	0	0	0	0
DEL00002127	1	1	9	1	6	1	0	0	0	0	0
DEL00002134	1	9	0	1	6	0	0	0	0	0	0
DEL00002135	0	0	0	1	6	0	0	0	0	0	0
DEL00002142	0	0	0	1	7	1	0	0	0	0	0
DEL00002143	0	0	0	1	6	0	0	0	0	0	0
DEL00002144	0	0	0	1	8	0	2	0	0	0	0
DEL00002145	1	25	0	1	6	0	0	0	0	0	0
DEL00002146	1	25	0	1	6	0	0	0	0	0	0
DEL00002147	1	1	0	1	6	0	0	0	0	0	0
INS00002149	1	1	0	1	6	0	0	0	0	0	0
DEL00002152	0	0	0	1	8	0	2	0	0	0	0
DEL00002154	0	0	0	2	6	0	0	0	0	0	0
DEL00002156	0	0	0	1	3	0	0	0	0	0	0
DEL00002157	0	0	0	1	3	0	0	0	0	0	0
INS00002159	0	0	0	1	7	6	0	0	0	0	0
DEL00002161	0	0	0	1	12	6	0	0	0	0	0
INS00002167	0	0	0	1	12	6	0	0	0	0	0
DEL00002168	0	0	0	1	12	6	2	0	0	0	0
DEL00002170	0	0	0	1	12	4	0	0	0	0	0
DEL00002171	1	6	0	1	8	0	0	0	0	0	0
DEL00002173	0	0	0	1	6	0	0	0	0	0	0
DEL00002174	0	0	0	1	6	0	0	0	0	0	0
DEL00002178	1	1	0	1	6	0	0	0	0	0	0
DEL00002180	0	0	0	1	6	0	0	0	0	0	0
DEL00002182	0	0	0	1	6	0	0	0	0	0	0
DEL00002186	1	4	0	1	7	0	0	0	0	0	0
DEL00002187	1	6	0	1	7	0	0	0	0	0	0
DEL00002188	0	0	0	1	7	0	0	0	0	0	0
DEL00002194	0	0	0	1	9	0	0	0	0	0	0
INS00002198	1	9	0	1	5	0	0	0	0	0	0
DEL00002209	1	4	0	1	6	0	0	0	0	0	0
DEL00002210	1	1	0	1	4	0	0	0	0	0	0
DEL00002214	0	0	0	1	2	3	0	0	0	0	0
DEL00002218	0	0	0	1	2	0	0	0	0	0	0
DEL00002224	1	16	0	1	2	0	0	0	0	0	0
DEL00002233	0	0	0	1	2	2	0	0	0	0	0
DEL00002234	1	1	0	1	2	2	0	0	0	0	0
INS00002235	1	42	0	1	0	0	0	0	0	0	0
DEL00002241	0	0	0	1	0	0	0	0	0	0	0
DEL00002242	0	0	0	1	0	0	0	0	0	0	0
DEL00002253	0	0	0	1	2	2	0	0	0	0	0
DEL00002254	0	0	0	1	2	1	0	0	0	0	0
DEL00002257	0	0	0	1	2	0	0	0	0	0	0
DEL00002261	0	0	0	1	3	0	0	0	0	0	0
DEL00002262	0	0	0	1	3	0	0	0	0	0	0
DEL00002264	0	0	0	1	3	0	0	0	0	0	0
DEL00002267	1	6	0	1	3	0	0	0	0	0	0
DEL00002268	1	1	0	1	3	0	0	0	0	0	0
DEL00002271	0	0	0	1	5	0	0	0	0	0	0
DEL00002273	1	6	0	1	8	0	2	0	0	0	0
DEL00002274	0	0	0	1	6	0	0	0	0	0	0
DEL00002275	1	9	0	1	6	0	0	0	0	0	0
DEL00002276	1	9	0	1	7	0	0	0	0	0	0
DEL00002279	1	25	0	1	7	0	0	0	0	0	0
DEL00002347	0	0	0	1	91	95	2	10	4	4	0
DEL00002391	0	0	0	3	62	64	0	11	0	5	0
DEL00002415	0	0	0	1	65	53	0	10	0	4	0
DEL00002419	0	0	0	1	53	38	0	8	0	0	0
DEL00002429	0	0	0	1	34	0	0	0	2	0	0
DEL00002435	0	0	0	1	40	0	0	0	6	1	0
DEL00002436	0	0	0	1	42	1	0	0	6	2	0
DEL00002441	1	4	0	1	37	0	0	0	0	0	0
INS00002442	1	4	0	1	34	0	0	0	0	0	0
INS00002448	0	0	0	1	33	0	0	0	0	0	0
DEL00002452	0	0	0	1	29	0	0	0	0	0	0
DEL00002456	0	0	0	1	29	0	0	0	0	0	0
DEL00002459	0	0	0	1	28	0	0	0	0	0	0
DEL00002460	0	0	0	1	28	0	0	0	0	0	0
DEL00002461	0	0	0	1	28	0	0	0	0	0	0
DEL00002462	0	0	0	1	28	0	0	0	0	0	0
DEL00002469	0	0	0	1	26	0	0	0	0	0	0
DEL00002470	0	0	0	1	25	0	0	0	0	0	0
DEL00002472	1	36	0	1	23	0	0	0	0	0	0
DEL00002473	1	30	0	1	23	0	0	0	0	0	0
DUP00002476	0	0	0	1	21	0	0	0	0	0	0
DEL00002480	0	0	0	1	22	0	2	0	0	0	0
DEL00002481	0	0	0	1	20	0	0	0	0	0	0
DEL00002482	0	0	0	1	20	0	0	0	0	0	0
DEL00002485	1	1	0	1	18	2	2	0	0	0	0
DEL00002489	0	0	0	1	18	0	0	0	0	0	0
DEL00002490	0	0	0	1	18	0	0	0	0	0	0
DEL00002493	0	0	0	1	18	0	0	0	0	0	0
INS00002502	0	0	0	1	17	0	0	0	0	0	0
DEL00002504	0	0	0	1	17	0	0	0	0	0	0
INS00002511	1	20	328	1	15	2	0	0	0	0	0
DEL00002514	0	0	0	1	12	0	0	0	0	0	0
DEL00002519	0	0	0	1	12	0	0	0	0	0	0
DEL00002520	1	9	0	1	11	0	0	0	0	0	0
INS00002521	1	1	0	1	11	0	0	0	0	0	0
DEL00002522	0	0	0	1	11	0	0	0	0	0	0
DEL00002524	0	0	0	1	15	0	4	0	0	0	0
DEL00002525	1	1	0	1	11	0	0	0	0	0	0
DEL00002528	1	16	256	13	9	0	0	0	0	0	0
DEL00002533	0	0	0	1	11	0	2	0	0	0	0
BND00002534	1	48	0	1	7	0	0	0	0	0	0
DEL00002543	0	0	0	1	3	0	0	0	0	0	0
DEL00002544	0	0	0	1	3	0	0	0	0	0	0
INS00002547	0	0	0	1	3	0	0	0	0	0	0
DEL00002549	1	9	0	1	3	0	0	0	0	0	0
DEL00002556	0	0	0	1	1	0	0	0	0	0	0
DEL00002557	0	0	0	1	3	0	0	0	0	0	2
INS00002558	0	0	0	1	3	0	0	0	0	0	2
DEL00002559	0	0	0	1	1	0	0	0	0	0	0
DEL00002560	0	0	0	1	1	0	0	0	0	0	0
DEL00002561	0	0	0	1	1	0	0	0	0	0	0
DEL00002562	0	0	0	1	1	0	0	0	0	0	0
INS00002563	0	0	0	1	1	0	0	0	0	0	0
DEL00002564	0	0	0	1	1	0	0	0	0	0	0
DEL00002569	0	0	0	1	1	0	0	0	0	0	0
DEL00002571	1	81	0	1	2	1	0	0	0	0	0
INV00002573	1	1	0	1	1	0	0	0	0	0	0
DEL00002574	0	0	0	1	1	0	0	0	0	0	0
DUP00002575	5	8	420	64	7	0	2	1	0	4	0
INS00002580	1	4	0	1	0	0	0	0	0	0	0
DEL00002584	1	25	0	1	4	0	0	0	0	0	0
DUP00002585	1	25	0	1	4	0	0	0	0	0	0
DEL00002586	1	25	0	1	4	0	0	0	0	0	0
DEL00002592	0	0	0	1	4	0	0	0	0	0	0
DEL00002593	0	0	0	2	6	0	2	0	0	0	0
BND00002597	0	0	0	1	4	0	0	0	0	0	0
DEL00002599	1	8	0	1	4	0	0	0	0	0	0
DEL00002601	1	1	0	1	6	0	0	0	0	0	0
INS00002603	1	9	0	1	4	0	0	0	0	0	0
DEL00002604	0	0	0	1	8	0	0	0	0	0	0
DEL00002607	1	9	0	1	7	2	0	0	0	0	0
DEL00002608	0	0	0	1	7	2	0	0	0	0	0
INS00002609	1	4	0	1	7	2	0	0	0	0	0
BND00002610	1	25	0	1	7	2	0	0	0	0	0
DEL00002612	0	0	0	1	7	2	0	0	0	0	0
BND00002615	0	0	0	1	7	2	0	0	0	0	0
DEL00002618	0	0	0	1	11	4	0	0	0	0	0
DEL00002620	0	0	0	1	11	3	0	0	0	0	0
DEL00002622	0	0	0	1	9	3	0	0	0	0	0
DEL00002623	0	0	0	1	11	3	2	0	0	0	0
DEL00002624	0	0	0	1	11	3	2	0	0	0	0
DEL00002625	0	0	0	1	9	3	0	0	0	0	0
DEL00002626	0	0	0	1	9	3	0	0	0	0	0
INS00002628	0	0	0	1	9	3	0	0	0	0	0
DEL00002631	0	0	0	1	9	2	0	0	0	0	0
DEL00002632	0	0	0	1	11	2	2	0	0	0	0
INS00002635	1	3	0	1	9	2	0	0	0	0	0
DEL00002642	1	1	0	1	10	0	2	0	0	0	0
INS00002650	1	2	0	1	8	1	0	0	0	0	0
DEL00002651	0	0	0	1	8	2	0	0	0	0	0
DEL00002652	0	0	0	1	8	2	0	0	0	0	0
DEL00002653	0	0	0	1	8	2	0	0	0	0	0
DEL00002659	0	0	0	1	10	2	0	0	0	0	0
DEL00002660	0	0	0	1	8	1	2	0	0	0	0
DEL00002664	1	16	0	1	3	0	0	0	0	0	0
DEL00002670	0	0	0	1	5	0	2	0	0	0	0
DEL00002683	0	0	0	1	24	10	0	2	0	4	0
DEL00002684	0	0	0	1	1	0	0	0	0	0	0
DEL00002686	1	9	0	1	1	0	0	0	0	0	0
DEL00002687	0	0	0	1	1	0	0	0	0	0	0
DEL00002689	0	0	0	1	3	0	0	0	0	0	0
DEL00002695	0	0	0	1	3	0	0	0	0	0	0
DEL00002696	0	0	0	1	5	0	2	0	0	0	0
DEL00002700	0	0	0	1	3	0	4	0	0	0	0
DEL00002701	0	0	0	1	3	0	0	0	0	0	0
DEL00002702	0	0	0	1	5	0	0	0	0	0	0
DEL00002705	1	1	4	3	3	0	0	0	0	0	0
DEL00002712	0	0	0	1	3	0	0	0	0	0	0
DEL00002716	0	0	0	1	1	0	0	0	0	0	0
DEL00002723	0	0	0	1	3	0	0	0	0	0	0
DEL00002724	1	1	0	1	3	0	0	0	0	0	0
DEL00002725	0	0	0	1	1	0	0	0	0	0	0
DEL00002728	0	0	0	1	1	0	0	0	0	0	0
DEL00002737	0	0	0	1	1	0	0	0	0	0	0
DEL00002739	0	0	0	1	2	1	0	0	0	0	0
DEL00002740	0	0	0	1	1	0	0	0	0	0	0
DEL00002746	0	0	0	1	14	0	0	10	0	5	0
INV00002747	1	1	4	1	13	0	2	7	0	5	0
INV00002752	0	0	0	1	0	0	0	0	0	0	0
DEL00002755	1	4	56	15	0	0	0	0	0	0	0
INV00002759	0	0	0	1	13	1	0	0	2	0	0
DEL00002760	0	0	0	1	1	1	0	0	0	0	0
DEL00002771	0	0	0	1	2	0	0	0	0	0	0
DEL00002774	0	0	0	1	6	0	0	0	2	0	0
DEL00002775	0	0	0	1	6	0	0	0	2	0	0
DEL00002776	0	0	0	1	6	0	0	0	0	0	0
DEL00002777	0	0	0	1	6	0	0	0	0	0	0
DEL00002780	0	0	0	1	11	0	2	0	0	0	3
DEL00002785	0	0	0	1	8	0	4	0	0	0	0
DEL00002786	0	0	0	1	6	0	0	0	0	0	0
DEL00002788	0	0	0	1	8	0	0	0	0	0	2
INS00002790	0	0	0	1	7	0	0	0	0	0	0
DEL00002791	0	0	0	1	7	0	0	0	0	0	0
DEL00002794	0	0	0	1	7	0	2	0	0	0	0
DEL00002795	0	0	0	1	7	0	0	0	0	0	0
DEL00002796	0	0	0	1	9	0	0	0	2	0	0
DEL00002797	1	9	0	8	9	0	0	0	0	0	0
INS00002799	0	0	0	1	7	0	0	0	0	0	0
INS00002801	0	0	0	1	9	0	0	0	0	0	0
BND00002803	0	0	0	1	10	0	0	0	0	0	0
DEL00002807	0	0	0	1	11	0	0	0	0	0	0
DEL00002812	0	0	0	1	13	0	0	0	0	0	0
DEL00002813	0	0	0	1	15	0	2	0	0	0	0
INS00002824	1	6	0	1	13	0	0	0	0	0	0
DEL00002826	1	1	28	13	13	0	0	0	0	0	0
DEL00002830	1	1	0	1	13	0	0	0	0	0	0
INS00002831	1	1	0	1	13	0	0	0	0	0	0
DEL00002832	1	4	0	3	13	0	0	0	0	0	0
DEL00002837	0	0	0	1	18	2	0	0	0	0	0
DEL00002839	0	0	0	1	18	2	0	0	0	0	0
DEL00002841	0	0	0	1	18	2	0	0	0	0	0
DEL00002843	0	0	0	1	16	0	0	0	0	0	0
DEL00002845	0	0	0	1	16	0	0	0	0	0	0
DEL00002846	0	0	0	1	16	0	0	0	0	0	0
DEL00002847	0	0	0	1	18	0	2	0	0	0	0
DEL00002848	0	0	0	1	14	0	0	0	0	0	0
DEL00002851	0	0	0	1	16	2	0	0	0	0	0
DEL00002852	0	0	0	1	14	0	0	0	0	0	0
INV00002853	0	0	0	1	14	0	0	0	0	0	0
DUP00002854	0	0	0	5	22	2	4	0	0	0	0
DEL00002856	0	0	0	1	17	2	0	0	0	0	0
DEL00002859	0	0	0	1	18	2	0	0	0	0	0
DEL00002861	0	0	0	1	16	0	0	0	0	0	0
DEL00002864	0	0	0	1	17	1	0	0	0	0	0
DEL00002868	0	0	0	1	19	1	0	0	0	0	0
DEL00002870	0	0	0	1	19	1	0	0	0	0	0
DEL00002876	0	0	0	1	19	1	0	0	0	0	0
DEL00002878	1	70	0	1	20	2	0	0	0	0	0
DUP00002879	0	0	0	1	20	2	0	0	0	0	0
INS00002881	0	0	0	1	22	3	0	0	0	0	0
DEL00002882	0	0	0	33	21	2	2	0	0	0	0
DEL00002884	0	0	0	1	19	2	0	0	0	0	0
DEL00002892	0	0	0	1	19	0	2	0	0	0	0
INS00002893	0	0	0	1	19	0	2	0	0	0	0
DEL00002895	0	0	0	1	19	0	2	0	0	0	0
DEL00002896	0	0	0	1	19	0	2	0	0	0	0
DEL00002897	0	0	0	1	18	0	2	0	0	0	0
DEL00002899	0	0	0	1	16	0	0	0	0	0	0
INS00002900	0	0	0	1	16	0	0	0	0	0	0
DEL00002902	0	0	0	1	18	0	0	0	0	0	0
DEL00002906	0	0	0	1	16	0	0	0	0	0	0
DEL00002908	0	0	0	1	18	0	0	0	0	0	0
DEL00002909	0	0	0	1	16	0	0	0	0	0	0
DEL00002911	0	0	0	1	16	0	0	0	0	0	0
DEL00002912	0	0	0	1	16	0	0	0	0	0	0
DEL00002913	0	0	0	1	17	1	0	0	0	0	0
DEL00002915	0	0	0	1	17	1	0	0	0	0	0
INS00002917	0	0	0	1	17	1	0	0	0	0	0
DEL00002933	0	0	0	1	18	0	0	0	0	1	0
INS00002934	0	0	0	1	17	0	0	0	0	0	0
DEL00002935	0	0	0	1	20	0	2	0	0	0	0
DEL00002936	0	0	0	1	18	0	0	0	0	0	0
DEL00002937	0	0	0	1	20	0	0	0	0	0	0
DEL00002941	1	1	0	1	22	0	0	0	0	0	0
DEL00002945	1	1	0	1	22	0	2	0	0	0	0
INV00002948	1	1	0	1	20	0	0	0	0	0	0
BND00002950	1	1	0	1	20	0	0	0	0	0	0
DEL00002955	0	0	0	1	19	0	0	0	0	0	0
INV00002986	0	0	0	1	14	161	0	0	0	0	0
DEL00002987	0	0	0	1	22	161	0	5	1	1	0
DEL00002992	0	0	0	1	6	0	0	0	0	0	0
DEL00002995	1	4	0	1	4	0	0	0	0	0	0
DEL00002997	0	0	0	1	1	0	0	0	0	0	0
DEL00002998	1	1	0	1	3	0	0	0	0	0	0
DEL00002999	0	0	0	1	1	0	0	0	0	0	0
DEL00003000	0	0	0	1	3	0	2	0	0	0	0
DEL00003004	0	0	0	1	1	0	0	0	0	0	0
DEL00003007	0	0	0	1	3	0	2	0	0	0	0
DEL00003008	0	0	0	1	3	0	2	0	0	0	0
DEL00003009	0	0	0	1	1	0	0	0	0	0	0
DEL00003010	1	9	0	1	3	0	2	0	0	0	0
DEL00003012	1	16	0	2	4	0	0	0	0	0	0
DEL00003033	0	0	0	1	12	4	0	0	0	3	0
DEL00003035	0	0	0	1	12	4	0	0	0	3	0
DEL00003038	1	4	0	1	0	0	0	0	0	0	0
DEL00003040	1	16	0	1	4	0	2	0	0	0	0
DEL00003044	0	0	0	1	1	2	0	0	0	0	0
DEL00003047	0	0	0	1	1	2	0	0	0	0	0
DEL00003049	0	0	0	1	1	2	0	0	0	0	0
DEL00003050	0	0	0	1	1	1	0	0	0	0	0
DEL00003054	0	0	0	1	2	0	0	0	0	0	0
DEL00003055	0	0	0	1	0	0	0	0	0	0	0
DEL00003056	0	0	0	1	0	0	0	0	0	0	0
INS00003057	0	0	0	1	0	0	0	0	0	0	0
DEL00003058	0	0	0	1	0	0	0	0	0	0	0
DEL00003059	0	0	0	1	0	0	0	0	0	0	0
DEL00003074	0	0	0	1	0	26	0	0	0	0	0
DEL00003083	0	0	0	1	0	0	0	0	0	0	0
DEL00003084	0	0	0	1	2	0	2	0	0	0	0
DEL00003090	1	21	0	1	2	0	0	0	0	0	0
DEL00003091	1	49	0	1	4	0	2	0	0	0	0
DEL00003092	1	49	0	1	2	0	0	0	0	0	0
DEL00003094	1	1	0	1	2	0	0	0	0	0	0
DEL00003095	0	0	0	1	4	3	0	0	0	0	0
INS00003096	0	0	0	1	6	3	2	0	0	0	0
DEL00003102	0	0	0	1	2	0	0	0	0	0	0
DEL00003108	2	2	0	1	2	0	0	0	0	0	0
DEL00003109	1	1	0	1	4	0	0	0	0	0	0
INS00003114	0	0	0	1	2	0	0	0	0	0	0
DEL00003120	1	1	9	1	0	2	0	0	0	0	0
DEL00003129	1	2	0	1	2	0	0	0	0	0	0
DEL00003133	0	0	0	1	0	0	0	0	0	0	0
INS00003134	0	0	0	1	0	0	0	0	0	0	0
DEL00003135	0	0	0	1	0	0	0	0	0	0	0
DEL00003136	0	0	0	1	0	0	0	0	0	0	0
INS00003140	0	0	0	1	0	0	0	0	0	0	0
DEL00003141	0	0	0	1	0	0	0	0	0	0	0
INS00003145	1	1	0	1	0	0	0	0	0	0	0
DEL00003153	1	4	100	1	1	0	0	0	0	0	0
DEL00003155	1	4	100	2	1	0	0	0	0	0	0
DEL00003157	1	4	100	1	1	0	0	0	0	0	0
DEL00003165	1	16	0	1	0	0	0	0	0	0	0
INS00003168	1	16	0	1	0	0	0	0	0	0	0
INS00003169	1	16	0	1	0	0	0	0	0	0	0
DEL00003170	0	0	0	7	0	0	0	0	0	0	0
DEL00003178	0	0	0	1	6	5	0	0	0	0	1
DEL00003179	0	0	0	1	0	0	0	0	0	0	0
DEL00003186	1	1	0	2	2	0	2	0	0	0	0
INS00003188	0	0	0	1	0	0	0	0	0	0	0
DEL00003190	0	0	0	1	0	0	0	0	0	0	0
DEL00003194	0	0	0	1	0	0	0	0	0	0	0
DEL00003197	0	0	0	1	0	0	0	0	0	0	0
DEL00003199	0	0	0	1	0	0	0	0	0	0	0
DEL00003205	0	0	0	3	2	0	0	0	0	0	0
DEL00003211	0	0	0	1	5	0	0	0	0	0	0
DEL00003213	0	0	0	1	7	0	0	0	0	0	0
DEL00003217	1	1	0	1	5	0	0	0	0	0	0
DEL00003221	0	0	0	1	4	0	0	0	0	0	0
DEL00003223	1	5	0	1	4	0	0	0	0	0	0
DEL00003227	0	0	0	1	4	0	0	0	0	0	0
DEL00003230	0	0	0	1	3	0	0	0	0	0	0
DEL00003233	0	0	0	1	3	0	0	0	0	0	0
DEL00003234	0	0	0	1	5	0	0	0	0	0	0
INV00003235	252	799	424062	7232	452	66	272	0	37	5	14
INS00003237	1	9	0	1	3	0	0	0	0	0	0
INS00003240	1	1	0	1	3	0	0	0	0	0	0
DEL00003247	0	0	0	1	9	2	6	0	0	0	0
INS00003248	0	0	0	1	3	2	0	0	0	0	0
DEL00003249	0	0	0	1	3	2	0	0	0	0	0
DEL00003251	1	9	0	1	3	2	0	0	0	0	0
DEL00003253	0	0	0	1	1	0	0	0	0	0	0
DEL00003256	0	0	0	1	6	0	0	0	4	0	0
DEL00003262	0	0	0	1	4	0	0	0	0	0	0
DEL00003263	0	0	0	1	3	0	0	0	0	0	0
DEL00003266	1	25	265	1	3	0	0	0	0	0	0
DEL00003272	0	0	0	1	3	0	0	0	0	0	0
DEL00003276	1	1	0	1	3	0	0	0	0	0	0
DEL00003278	1	3	0	1	3	0	0	0	0	0	0
DEL00003279	0	0	0	1	3	0	0	0	0	0	0
DEL00003280	0	0	0	1	3	0	0	0	0	0	0
DEL00003281	0	0	0	1	5	0	0	0	0	0	2
DEL00003282	1	9	0	1	8	0	0	0	0	0	3
DEL00003283	0	0	0	1	5	0	0	0	0	0	0
DEL00003284	0	0	0	1	11	0	0	0	3	0	0
DEL00003285	0	0	0	1	10	0	0	0	4	0	0
DEL00003286	0	0	0	1	4	0	0	0	2	0	0
DEL00003287	0	0	0	1	2	0	0	0	0	0	0
DEL00003288	0	0	0	1	2	0	0	0	0	0	0
DEL00003290	0	0	0	1	2	0	0	0	0	0	0
DEL00003292	0	0	0	1	2	0	0	0	0	0	0
DEL00003293	0	0	0	1	4	0	2	0	0	0	0
DEL00003294	0	0	0	1	4	0	2	0	0	0	0
DEL00003305	1	4	0	1	3	0	0	0	0	0	0
DEL00003309	0	0	0	1	3	0	0	0	0	0	0
DEL00003311	1	4	140	3	5	0	2	0	0	0	0
DEL00003313	1	4	70	1	3	0	0	0	0	0	0
DEL00003314	1	4	105	1	3	0	0	0	0	0	0
DEL00003315	1	1	0	1	5	0	2	0	0	0	0
DEL00003317	0	0	0	1	6	4	0	0	0	0	0
DEL00003318	0	0	0	1	6	4	0	0	0	0	0
DEL00003324	1	16	0	1	4	2	0	0	0	0	0
DEL00003325	0	0	0	1	2	0	0	0	0	0	0
DEL00003327	0	0	0	1	2	0	0	0	0	0	0
DEL00003338	1	1	0	1	0	0	0	0	0	0	0
DEL00003339	0	0	0	1	0	0	0	0	0	0	0
DEL00003342	1	1	0	1	5	3	0	0	0	0	0
DEL00003347	0	0	0	1	5	3	0	0	0	0	0
DEL00003352	0	0	0	1	3	1	0	0	0	0	0
DEL00003353	1	6	0	1	3	1	0	0	0	0	0
INS00003357	0	0	0	1	1	1	0	0	0	0	0
DEL00003358	0	0	0	1	0	0	0	0	0	0	0
DEL00003359	0	0	0	7	0	0	0	0	0	0	0
INV00003361	0	0	0	1	0	0	0	0	0	0	0
DEL00003363	0	0	0	1	2	0	2	0	0	0	0
DEL00003364	0	0	0	1	0	0	0	0	0	0	0
DEL00003365	0	0	0	3	0	0	2	0	0	0	0
DEL00003367	0	0	0	3	0	0	0	0	0	0	0
DEL00003368	1	2	0	1	0	0	0	0	0	0	0
DEL00003371	1	1	0	1	0	0	0	0	0	0	0
DEL00003374	1	4	0	1	0	0	0	0	0	0	0
DEL00003379	0	0	0	1	0	0	0	0	0	0	0
DEL00003393	0	0	0	1	3	0	0	0	0	0	0
DEL00003395	0	0	0	1	7	0	2	0	0	0	0
DEL00003396	0	0	0	1	3	0	0	0	0	0	0
DEL00003403	0	0	0	1	6	0	0	0	0	0	0
DEL00003410	0	0	0	1	13	0	0	0	0	0	0
DEL00003411	0	0	0	1	11	0	0	0	0	0	0
DEL00003412	1	1	0	1	11	0	0	0	0	0	0
DEL00003413	1	1	0	1	13	0	0	0	2	0	0
DEL00003415	0	0	0	1	11	0	0	0	0	0	0
DEL00003416	0	0	0	1	11	0	0	0	0	0	0
DEL00003420	0	0	0	1	13	0	0	0	0	0	0
DEL00003421	0	0	0	1	13	0	0	0	0	0	0
DEL00003422	0	0	0	1	13	0	0	0	0	0	0
DEL00003427	0	0	0	1	18	4	0	0	4	0	0
DEL00003432	1	1	0	1	14	0	0	0	0	0	0
DEL00003433	1	2	0	1	16	2	0	0	0	0	0
INS00003435	0	0	0	1	14	2	0	0	0	0	0
DEL00003437	1	1	0	1	14	2	0	0	0	0	0
DEL00003439	0	0	0	1	14	2	0	0	0	0	0
DEL00003444	0	0	0	1	10	0	0	0	0	0	0
BND00003448	0	0	0	1	10	0	0	0	0	0	0
DEL00003450	1	2	0	1	10	0	0	0	0	0	0
DEL00003452	0	0	0	1	10	0	0	0	0	0	0
DEL00003454	1	4	134	2	13	0	0	0	0	0	0
DEL00003459	0	0	0	1	16	0	0	0	0	0	0
DEL00003464	0	0	0	1	18	0	0	0	0	0	0
BND00003473	0	0	0	1	20	0	0	0	2	0	0
DEL00003476	0	0	0	1	18	1	0	0	0	0	0
DEL00003481	1	4	0	1	19	0	0	0	0	0	0
DEL00003486	0	0	0	1	21	0	0	4	0	0	0
DEL00003490	0	0	0	1	19	0	0	4	0	0	0
DEL00003495	0	0	0	1	23	0	0	4	0	0	0
DEL00003497	0	0	0	1	23	2	0	4	0	0	0
INS00003500	0	0	0	1	23	0	0	4	0	0	0
DEL00003515	0	0	0	7	53	9	4	5	0	0	0
DEL00003526	0	0	0	1	20	0	0	6	0	0	0
DUP00003529	0	0	0	1	20	2	0	0	0	0	0
DEL00003545	0	0	0	1	42	29	0	0	0	5	0
DEL00003546	0	0	0	1	40	28	0	0	0	3	0
DEL00003548	0	0	0	1	26	13	2	4	4	0	0
DEL00003552	2	2	9	1	24	14	0	4	0	0	0
DEL00003562	1	1	0	1	14	0	0	0	0	0	0
DEL00003570	1	5	0	1	13	0	0	0	0	0	0
DEL00003575	0	0	0	1	12	0	0	0	0	0	0
DUP00003578	0	0	0	5	12	0	0	0	0	0	0
DEL00003580	0	0	0	1	14	0	0	0	0	0	0
DEL00003582	0	0	0	1	14	0	0	0	0	0	0
DEL00003584	0	0	0	1	17	0	0	0	2	0	0
DEL00003586	0	0	0	1	14	0	0	0	0	0	0
DEL00003589	0	0	0	1	15	0	0	0	0	0	2
DEL00003590	1	3	0	1	14	1	0	0	0	0	0
DEL00003591	0	0	0	1	14	0	0	0	0	0	0
DEL00003592	0	0	0	1	14	0	0	0	0	0	0
DEL00003593	0	0	0	1	16	0	2	0	0	0	0
DEL00003594	0	0	0	1	14	0	0	0	0	0	0
DEL00003597	0	0	0	1	13	0	0	0	0	0	0
DEL00003600	0	0	0	1	15	0	2	0	0	0	0
DEL00003606	0	0	0	2	19	0	0	0	0	6	0
DEL00003624	0	0	0	1	16	0	0	0	0	0	0
DUP00003628	30	80	20636	14	43	8	20	0	0	5	5
DEL00003643	1	1	0	1	8	0	2	0	0	0	0
DEL00003661	0	0	0	1	3	0	0	0	0	0	0
INS00003663	0	0	0	1	3	0	0	0	0	0	0
INS00003671	0	0	0	1	3	0	0	0	0	0	0
DEL00003673	0	0	0	1	3	0	0	0	0	0	0
DEL00003676	0	0	0	1	46	70	4	8	0	7	0
DEL00003683	1	6	0	1	39	83	2	9	0	6	0
DEL00003694	1	9	0	4	7	0	0	0	0	0	0
DEL00003702	0	0	0	1	8	0	0	0	0	0	0
DEL00003704	0	0	0	1	6	0	0	0	0	0	0
DEL00003711	0	0	0	1	6	0	2	0	0	0	0
DEL00003714	0	0	0	1	8	0	2	0	0	0	0
DEL00003718	0	0	0	1	6	0	0	0	0	0	0
DEL00003723	0	0	0	1	7	0	0	0	0	0	0
DEL00003724	0	0	0	2	9	0	2	0	0	0	0
DEL00003726	0	0	0	1	5	0	0	0	0	0	0
DEL00003727	0	0	0	1	5	0	0	0	0	0	0
DEL00003729	0	0	0	1	5	0	0	0	0	0	0
DEL00003736	0	0	0	1	5	0	4	0	0	0	0
DEL00003738	0	0	0	1	7	0	2	0	0	0	0
DEL00003741	0	0	0	1	5	0	0	0	0	0	0
DEL00003745	1	1	0	1	5	0	0	0	0	0	0
DEL00003749	1	1	0	1	5	0	0	0	0	0	0
INS00003750	1	1	0	1	5	0	0	0	0	0	0
DEL00003752	0	0	0	1	5	0	0	0	0	0	0
DEL00003753	1	9	0	1	5	0	0	0	0	0	0
DEL00003754	0	0	0	1	5	0	0	0	0	0	0
DEL00003755	0	0	0	1	5	0	0	0	0	0	0
DEL00003756	0	0	0	1	5	0	0	0	0	0	0
DEL00003759	1	1	0	1	5	0	0	0	0	0	0
INS00003760	0	0	0	1	5	0	0	0	0	0	0
DEL00003761	0	0	0	1	5	0	0	0	0	0	0
DEL00003768	1	4	0	1	5	0	0	0	0	0	0
DEL00003769	1	4	0	1	5	0	0	0	0	0	0
DEL00003770	1	1	0	1	5	0	0	0	0	0	0
BND00003771	0	0	0	1	5	0	0	0	0	0	0
DEL00003772	0	0	0	2	5	0	0	0	0	0	0
DEL00003773	1	1	0	1	5	0	0	0	0	0	0
DEL00003774	0	0	0	1	5	0	0	0	0	0	0
DEL00003775	0	0	0	1	5	0	0	0	0	0	0
DEL00003776	0	0	0	1	5	0	0	0	0	0	0
DEL00003777	1	16	0	1	5	0	0	0	0	0	0
DEL00003780	2	5	0	1	5	0	0	0	0	0	0
DEL00003781	0	0	0	1	5	0	0	0	0	0	0
DEL00003784	0	0	0	1	5	0	0	0	0	0	0
DEL00003785	1	1	0	1	5	0	0	0	0	0	0
DEL00003786	1	9	0	1	5	0	0	0	0	0	0
DEL00003787	1	49	0	1	5	0	0	0	0	0	0
DEL00003788	1	4	0	1	2	0	0	0	0	0	0
DEL00003794	0	0	0	1	2	0	0	0	0	0	0
INV00003798	0	0	0	1	2	0	0	0	0	0	0
INV00003799	16	41	22651	415	34	6	18	0	6	0	0
DEL00003801	0	0	0	1	2	0	0	0	0	0	0
DEL00003809	0	0	0	1	2	0	0	0	0	0	0
DEL00003810	1	4	0	1	6	0	2	0	0	0	0
DEL00003811	1	4	0	1	4	0	0	0	0	0	0
DEL00003812	1	4	0	1	4	0	0	0	0	0	0
DEL00003813	1	2	0	1	5	0	0	0	0	0	0
INS00003819	1	4	0	1	2	0	0	0	0	0	0
DEL00003820	1	12	0	1	2	0	0	0	0	0	0
DEL00003826	1	2	0	1	2	0	0	0	0	0	0
INS00003830	0	0	0	1	0	0	0	0	0	0	0
INS00003831	1	3	0	1	0	0	0	0	0	0	0
DEL00003833	0	0	0	1	0	0	0	0	0	0	0
DEL00003834	1	1	0	2	0	0	0	0	0	0	0
DEL00003835	1	1	0	1	0	0	0	0	0	0	0
INS00003836	1	4	0	1	2	0	0	0	0	0	0
DEL00003839	0	0	0	1	2	0	2	0	0	0	0
DEL00003840	0	0	0	1	0	0	0	0	0	0	0
INS00003842	0	0	0	1	0	0	0	0	0	0	0
DEL00003843	1	1	0	1	0	0	0	0	0	0	0
DEL00003844	1	4	0	1	0	0	2	0	0	0	0
INS00003845	1	4	0	1	0	0	0	0	0	0	0
DEL00003846	0	0	0	1	0	0	0	0	0	0	0
INS00003848	0	0	0	1	0	0	0	0	0	0	0
DEL00003854	0	0	0	1	2	0	2	0	0	0	0
DEL00003857	2	2	6	1	0	0	0	0	0	0	0
INS00003859	0	0	0	1	1	1	0	0	0	0	0
DEL00003866	0	0	0	1	0	0	0	0	0	0	0
INV00003874	1	1	44	1	0	0	0	0	0	0	0
DEL00003883	0	0	0	1	0	0	0	0	0	0	0
DEL00003887	1	100	0	1	0	0	0	0	0	0	0
DEL00003888	0	0	0	1	0	0	0	0	0	0	0
INS00003889	0	0	0	1	0	0	0	0	0	0	0
DEL00003892	1	64	0	1	1	0	0	0	0	0	0
DEL00003893	0	0	0	1	1	0	0	0	2	0	0
DEL00003894	0	0	0	1	1	0	0	0	0	0	0
DEL00003895	0	0	0	1	1	0	0	0	0	0	0
DEL00003899	0	0	0	1	3	2	0	0	0	0	0
DEL00003905	0	0	0	1	4	1	0	0	0	0	0
DEL00003907	0	0	0	2	4	1	0	0	0	0	0
DEL00003909	0	0	0	1	4	0	0	0	0	0	1
DEL00003910	0	0	0	1	3	0	0	0	0	0	0
DEL00003911	0	0	0	1	3	0	0	0	0	0	0
DEL00003912	0	0	0	1	5	0	2	0	0	0	0
DEL00003913	0	0	0	1	5	0	2	0	0	0	0
DEL00003915	0	0	0	1	3	0	0	0	0	0	0
DEL00003917	0	0	0	1	9	0	0	0	6	0	0
DEL00003920	0	0	0	1	3	0	0	0	0	0	0
DEL00003921	0	0	0	1	3	0	0	0	0	0	0
DEL00003922	0	0	0	1	3	0	0	0	0	0	0
DEL00003927	0	0	0	1	5	0	0	0	0	0	2
DEL00003928	0	0	0	5	5	0	0	0	0	0	2
DEL00003929	0	0	0	1	5	0	0	0	0	0	2
DEL00003930	0	0	0	1	3	0	0	0	0	0	0
INS00003931	0	0	0	1	3	0	0	0	0	0	0
DEL00003937	0	0	0	1	5	0	0	0	0	0	0
INS00003940	0	0	0	1	5	0	0	0	0	0	0
DEL00003946	0	0	0	1	8	0	0	0	0	0	0
DEL00003947	0	0	0	1	8	0	0	0	0	0	0
DEL00003953	1	6	0	1	5	0	0	0	0	0	0
DEL00003955	1	4	0	1	7	0	0	0	0	0	0
DEL00003956	1	4	0	1	5	0	0	0	0	0	0
DEL00003958	0	0	0	1	6	0	0	0	0	0	1
DEL00003960	0	0	0	1	6	0	0	0	0	0	1
DEL00003962	0	0	0	1	5	0	0	0	0	0	0
DEL00003963	0	0	0	1	5	0	0	0	0	0	0
INS00003964	0	0	0	1	5	0	0	0	0	0	0
DEL00003965	0	0	0	1	5	0	0	0	0	0	0
DEL00003966	0	0	0	1	5	0	0	0	0	0	0
DEL00003971	0	0	0	1	3	0	0	0	0	0	0
DEL00003973	0	0	0	1	3	0	0	0	0	0	0
DEL00003974	1	2	0	1	2	0	0	0	0	0	0
DEL00003975	0	0	0	1	2	0	0	0	0	0	0
DEL00003978	0	0	0	1	7	0	0	0	0	0	0
DEL00003979	0	0	0	1	7	0	0	0	0	0	0
DEL00003982	0	0	0	3	6	0	0	0	0	0	1
INV00003983	0	0	0	3	5	0	0	0	0	0	0
DEL00003984	1	25	0	1	5	0	0	0	0	0	0
DEL00003986	0	0	0	1	5	0	0	0	0	0	0
DEL00003988	0	0	0	1	3	4	0	0	0	0	0
DEL00003989	0	0	0	1	5	4	2	0	0	0	0
DEL00003990	0	0	0	1	3	4	0	0	0	0	0
DEL00003991	1	1	0	1	3	0	0	0	0	0	0
DEL00003992	0	0	0	1	4	0	0	0	0	0	1
DEL00003994	1	12	0	1	3	0	0	0	0	0	0
INS00003995	1	1	0	1	3	0	0	0	0	0	0
DEL00004006	1	2	0	1	3	0	0	0	0	0	0
DEL00004012	1	9	0	1	5	0	0	0	0	0	0
DEL00004019	1	1	15	1	5	0	0	0	0	0	0
DEL00004020	1	1	0	1	5	0	0	0	0	0	0
DEL00004022	1	24	0	2	0	0	0	0	0	0	0
DEL00004034	1	4	40	9	1	0	0	0	0	0	0
DEL00004036	1	4	80	6	1	0	0	0	0	0	0
DEL00004038	1	4	60	6	1	0	0	0	0	0	0
DEL00004040	0	0	0	1	3	0	0	0	0	0	0
INS00004042	1	1	8	1	3	0	0	0	0	0	0
DEL00004043	2	10	4	1	5	0	2	0	0	0	0
DEL00004044	0	0	0	1	3	0	0	0	0	0	0
DEL00004047	1	1	0	1	3	0	0	0	0	0	0
DEL00004050	1	9	0	1	0	0	0	0	0	0	0
DEL00004055	0	0	0	1	6	0	0	0	0	0	0
DEL00004061	1	4	0	2	0	0	2	0	0	0	0
DEL00004066	1	9	0	1	0	1	0	0	0	0	0
DEL00004067	0	0	0	1	2	1	2	0	0	0	0
BND00004068	1	4	0	1	0	1	0	0	0	0	0
DEL00004072	1	4	0	1	2	1	0	0	0	0	0
DEL00004074	0	0	0	1	3	0	0	0	0	0	0
DEL00004077	0	0	0	1	3	0	0	0	0	0	0
DEL00004080	0	0	0	1	3	0	0	0	0	0	0
DEL00004083	0	0	0	1	3	0	0	0	0	0	0
DEL00004085	0	0	0	1	5	0	0	0	0	0	2
INS00004087	0	0	0	1	3	0	0	0	0	0	0
DEL00004089	0	0	0	1	8	0	2	0	0	0	0
DEL00004090	0	0	0	1	4	0	0	0	0	0	1
DEL00004091	0	0	0	1	7	0	0	0	0	0	4
DEL00004093	0	0	0	1	3	0	0	0	0	0	0
DEL00004094	0	0	0	1	3	0	0	0	0	0	0
DEL00004096	0	0	0	1	3	0	0	0	0	0	0
DEL00004098	0	0	0	1	3	0	0	0	0	0	0
DEL00004100	0	0	0	1	3	0	0	0	0	0	0
DEL00004101	0	0	0	1	3	0	0	0	0	0	0
DEL00004102	0	0	0	1	5	2	0	0	0	0	0
DEL00004105	1	4	0	1	3	0	0	0	0	0	0
DEL00004110	1	4	0	1	5	0	0	0	0	0	0
DEL00004115	0	0	0	1	11	4	0	0	0	0	0
DEL00004116	2	3	5	1	9	6	0	0	0	0	0
DUP00004119	0	0	0	4	8	4	0	0	0	0	0
DEL00004121	0	0	0	1	10	4	0	0	0	0	0
DEL00004124	1	1	0	5	7	0	0	0	0	0	0
DEL00004142	0	0	0	1	5	0	0	0	0	0	0
INV00004143	1	4	0	1	5	0	0	0	0	0	0
DEL00004145	0	0	0	1	5	0	0	0	0	0	0
DEL00004146	0	0	0	1	5	0	0	0	0	0	0
DEL00004147	1	4	0	1	6	0	0	0	0	0	0
DEL00004150	0	0	0	1	8	0	0	0	0	0	4
DEL00004156	0	0	0	2	9	0	0	0	0	0	4
BND00004171	0	0	0	1	22	20	0	0	0	10	2
DEL00004183	1	15	0	1	20	16	0	0	0	8	0
DEL00004197	0	0	0	1	29	28	2	13	7	13	0
DEL00004222	1	4	0	1	5	0	2	0	0	0	0
DEL00004261	0	0	0	1	0	0	2	0	0	0	0
DEL00004264	1	1	0	1	1	2	0	0	0	0	0
DEL00004272	0	0	0	1	3	0	0	0	0	0	2
DEL00004281	0	0	0	1	3	2	0	0	0	0	0
INS00004283	0	0	0	1	5	0	0	0	2	0	0
DEL00004290	0	0	0	1	3	0	0	0	0	0	0
DEL00004291	1	16	0	1	3	0	0	0	0	0	0
DEL00004297	0	0	0	4	7	0	0	2	0	2	0
DEL00004299	0	0	0	1	5	0	0	0	0	2	0
INS00004300	0	0	0	1	4	0	0	0	0	1	0
DEL00004301	1	1	0	1	3	0	0	0	0	0	0
BND00004303	0	0	0	1	6	1	0	0	0	0	0
DEL00004304	0	0	0	1	4	3	0	2	0	0	0
DEL00004316	0	0	0	1	11	4	0	0	0	0	0
DEL00004317	0	0	0	1	12	4	0	0	0	0	0
DEL00004318	1	49	0	1	12	4	0	0	0	0	0
DEL00004322	1	4	0	1	5	0	0	0	0	0	0
BND00004330	0	0	0	1	2	0	0	0	0	0	0
INS00004332	0	0	0	1	4	0	0	0	0	0	0
INS00004333	0	0	0	1	2	0	0	0	0	0	0
DEL00004338	0	0	0	1	2	0	0	0	0	0	0
DEL00004345	1	6	0	1	2	0	0	0	0	0	0
DEL00004367	0	0	0	1	0	0	0	0	0	0	0
DEL00004375	1	16	0	1	2	0	0	0	0	0	0
INS00004378	0	0	0	1	2	0	0	0	0	0	0
DEL00004381	0	0	0	1	2	0	4	0	0	0	0
DEL00004383	0	0	0	1	2	0	0	0	0	0	0
INS00004389	0	0	0	1	2	0	0	0	0	0	0
DEL00004391	0	0	0	1	2	0	0	0	0	0	0
INS00004393	0	0	0	1	2	0	0	0	0	0	0
DEL00004395	0	0	0	1	4	0	0	0	0	0	0
DEL00004402	1	1	0	1	9	0	0	0	0	0	2
DEL00004406	1	1	0	2	7	0	0	0	0	0	0
DEL00004407	0	0	0	1	7	0	0	0	0	0	0
DEL00004410	0	0	0	1	7	0	0	0	0	0	0
DEL00004412	0	0	0	2	7	0	0	0	0	0	0
INS00004414	0	0	0	1	7	0	0	0	0	0	0
DEL00004415	0	0	0	1	7	0	0	0	0	0	0
DEL00004416	0	0	0	1	7	0	0	0	0	0	0
DEL00004417	0	0	0	1	7	0	0	0	0	0	0
INV00004418	0	0	0	1	7	0	0	0	0	0	0
DEL00004419	0	0	0	1	9	0	0	0	0	0	2
DEL00004423	0	0	0	1	7	0	0	0	0	0	0
DEL00004427	1	36	0	1	7	0	0	0	0	0	0
DEL00004428	0	0	0	1	7	0	0	0	0	0	0
DEL00004430	1	16	0	1	7	0	0	0	0	0	0
DEL00004434	0	0	0	1	7	0	0	0	0	0	0
DEL00004447	1	28	0	1	11	0	0	0	0	0	0
DEL00004448	0	0	0	1	11	0	0	0	0	0	0
DEL00004449	1	6	0	1	11	0	0	0	0	0	0
DEL00004450	0	0	0	4	17	0	0	0	11	0	0
INS00004456	0	0	0	1	11	0	0	0	0	0	0
INS00004462	0	0	0	1	11	0	0	0	0	0	0
DEL00004463	0	0	0	1	11	0	0	0	0	0	0
INS00004465	0	0	0	1	11	0	0	0	0	0	0
DEL00004469	0	0	0	1	12	0	0	0	0	0	0
INS00004470	0	0	0	1	12	0	0	0	0	0	0
DEL00004477	0	0	0	1	8	0	0	0	0	0	0
DEL00004484	0	0	0	1	4	0	0	0	0	0	0
DEL00004486	0	0	0	1	3	0	0	0	0	0	0
DEL00004488	1	4	0	1	5	0	0	0	2	0	0
INS00004490	0	0	0	1	6	0	0	0	0	0	0
BND00004496	0	0	0	1	3	0	0	0	0	0	0
DEL00004498	0	0	0	1	5	0	2	0	0	0	0
INS00004502	0	0	0	1	8	0	2	0	0	0	0
DEL00004505	0	0	0	1	4	0	0	0	0	0	0
DEL00004508	0	0	0	1	4	0	0	0	0	0	0
DEL00004510	0	0	0	1	4	0	0	0	0	0	0
DEL00004512	1	9	0	1	6	0	0	0	0	0	0
DEL00004516	0	0	0	1	5	1	0	0	0	0	0
DEL00004517	0	0	0	1	5	2	0	0	0	0	0
DEL00004518	0	0	0	1	5	3	0	0	0	0	0
DEL00004519	0	0	0	1	5	3	2	0	0	0	0
DEL00004531	1	4	0	1	0	0	0	0	0	0	0
INS00004534	0	0	0	1	2	2	0	0	0	0	0
INS00004536	1	9	0	1	2	0	0	0	0	0	0
BND00004572	0	0	0	1	0	0	0	0	0	0	0
DEL00004577	0	0	0	1	0	0	0	0	0	0	0
DEL00004596	0	0	0	1	2	0	2	0	0	0	0
DEL00004597	0	0	0	1	0	0	0	0	0	0	0
DEL00004600	0	0	0	1	0	0	0	0	0	0	0
DEL00004601	0	0	0	1	0	0	0	0	0	0	0
DEL00004603	0	0	0	1	2	0	0	0	0	0	0
DEL00004605	1	4	0	1	2	0	0	0	0	0	0
DEL00004607	0	0	0	1	2	0	0	0	0	0	0
DEL00004608	0	0	0	1	2	0	0	0	0	0	0
DEL00004612	0	0	0	1	2	0	0	0	0	0	0
DEL00004613	0	0	0	1	2	0	0	0	0	0	0
DEL00004614	0	0	0	1	2	0	0	0	0	0	0
DEL00004615	0	0	0	1	4	0	2	0	0	0	0
DEL00004616	0	0	0	1	2	0	0	0	0	0	0
INS00004617	0	0	0	1	2	0	0	0	0	0	0
DEL00004621	1	1	0	3	2	0	0	0	0	0	0
DEL00004622	0	0	0	1	2	0	0	0	0	0	0
DEL00004639	0	0	0	1	1	0	0	0	0	0	0
DEL00004641	0	0	0	1	1	0	0	0	0	0	0
BND00004642	0	0	0	1	1	0	0	0	0	2	0
BND00004648	1	6	114	1	4	0	0	0	0	0	0
DEL00004649	1	1	0	1	4	0	0	0	0	0	0
DEL00004653	0	0	0	1	1	0	0	0	0	0	0
DEL00004660	0	0	0	1	1	0	0	0	0	0	0
DEL00004671	0	0	0	1	1	0	0	0	0	0	0
INS00004683	0	0	0	1	1	0	0	0	0	0	0
DEL00004684	0	0	0	1	5	0	4	0	0	0	0
INS00004685	0	0	0	1	3	0	0	0	0	0	0
INS00004686	0	0	0	1	1	0	0	0	0	0	0
DEL00004689	0	0	0	1	1	0	0	0	0	0	0
DEL00004699	0	0	0	1	1	0	0	0	0	0	0
DEL00004701	1	8	0	1	1	0	0	0	0	0	0
DEL00004704	1	9	0	1	3	0	2	0	0	0	0
DEL00004705	0	0	0	1	1	0	0	0	0	0	0
DEL00004706	0	0	0	1	1	0	0	0	0	0	0
DEL00004710	0	0	0	1	1	0	0	0	0	0	0
DEL00004713	0	0	0	1	0	0	0	0	0	0	0
DEL00004716	0	0	0	1	0	0	0	0	0	0	0
DEL00004724	2	21	0	1	0	0	0	0	0	0	0
DEL00004735	0	0	0	1	0	0	0	0	0	0	0
DEL00004740	0	0	0	1	0	0	0	0	0	0	0
DEL00004742	0	0	0	1	0	0	0	0	0	0	0
DEL00004743	0	0	0	1	0	0	0	0	0	0	0
DEL00004745	1	4	0	7	9	0	0	0	0	0	0
INS00004755	1	36	0	1	7	0	0	0	0	0	0
DEL00004766	0	0	0	1	0	0	0	0	0	0	0
DEL00004767	0	0	0	1	2	0	2	0	0	0	0
DEL00004768	0	0	0	1	0	0	0	0	0	0	0
DEL00004771	0	0	0	1	0	0	0	0	0	0	0
DEL00004772	0	0	0	1	0	0	0	0	0	0	0
DEL00004777	0	0	0	1	0	0	0	0	0	0	0
DEL00004783	0	0	0	1	0	0	0	0	0	0	0
DEL00004786	2	2	0	1	2	0	2	0	0	0	0
INS00004788	1	1	0	1	0	0	0	0	0	0	0
DEL00004792	0	0	0	1	0	0	0	0	0	0	0
INS00004793	0	0	0	1	0	0	0	0	0	0	0
DEL00004796	1	1	0	1	0	0	0	0	0	0	0
INS00004797	1	1	0	1	2	0	0	0	0	0	2
DEL00004798	1	64	0	1	0	0	0	0	0	0	0
DEL00004799	1	64	0	1	0	0	0	0	0	0	0
DEL00004802	0	0	0	1	0	0	0	0	0	0	0
DEL00004804	0	0	0	1	0	0	0	0	0	0	0
DEL00004805	0	0	0	1	2	0	2	0	0	0	0
DEL00004807	1	1	0	1	0	0	0	0	0	0	0
DEL00004813	0	0	0	2	0	0	0	0	0	0	0
DEL00004815	0	0	0	1	0	0	0	0	0	0	0
DEL00004817	1	36	0	1	0	0	0	0	0	0	0
INS00004818	1	36	0	1	0	0	0	0	0	0	0
DEL00004819	1	1	0	1	0	0	0	0	0	0	0
DEL00004821	0	0	0	1	0	0	0	0	0	0	0
DEL00004822	1	100	0	1	0	0	0	0	0	0	0
DEL00004824	0	0	0	1	3	2	2	0	0	0	0
INS00004831	0	0	0	1	2	0	0	0	2	0	0
BND00004833	0	0	0	1	0	1	0	0	0	0	0
DEL00004841	0	0	0	1	0	0	0	0	0	0	0
DEL00004855	0	0	0	1	1	0	0	0	0	0	0
DEL00004859	0	0	0	1	1	0	0	0	0	0	0
DEL00004861	1	16	0	1	4	0	0	0	0	0	0
BND00004864	1	4	64	1	5	0	0	0	0	0	0
DEL00004872	0	0	0	2	6	0	0	0	0	0	0
DEL00004876	0	0	0	2	10	0	0	0	0	0	0
DEL00004878	0	0	0	3	10	0	0	0	0	0	0
DEL00004879	1	1	16	2	10	0	0	0	0	0	0
BND00004880	0	0	0	1	6	0	0	0	0	0	0
DEL00004884	38	135	23874	1269	69	4	42	0	0	2	0
DEL00004886	0	0	0	1	9	0	0	0	0	0	0
DEL00004889	1	2	0	1	9	0	0	0	0	0	0
DEL00004892	1	9	0	1	9	0	0	0	0	0	0
DEL00004894	0	0	0	1	9	0	0	0	0	0	0
INV00004902	1	2	0	1	20	0	0	0	2	0	0
DEL00004905	0	0	0	1	16	0	0	0	0	0	0
INS00004906	0	0	0	1	18	0	0	0	2	0	0
DEL00004907	1	6	0	1	16	0	0	0	0	0	0
DEL00004922	0	0	0	1	19	9	0	11	2	0	0
DEL00004937	2	2	17	3	179	48	24	9	2	1	0
DEL00004956	0	0	0	1	4	28	2	9	2	0	0
DEL00004957	0	0	0	1	4	28	2	9	2	0	0
DEL00004963	0	0	0	1	4	10	0	0	0	0	0
DEL00004972	0	0	0	1	3	0	0	0	0	0	0
INS00004975	0	0	0	1	3	0	0	0	0	0	0
DEL00005001	0	0	0	1	13	7	0	0	0	3	0
DEL00005010	1	1	0	1	3	0	0	0	0	0	0
DEL00005011	0	0	0	1	14	0	0	2	0	5	0
DEL00005012	0	0	0	1	6	0	0	0	0	0	0
DEL00005024	0	0	0	1	3	4	0	0	0	0	0
DEL00005032	0	0	0	1	2	0	0	0	0	0	0
DEL00005034	2	3	0	1	2	0	0	0	0	0	0
INS00005035	0	0	0	1	12	4	0	0	0	4	0
DEL00005038	0	0	0	1	5	3	0	0	0	0	0
DEL00005046	1	2	0	1	2	0	0	0	0	0	0
DEL00005050	0	0	0	1	3	0	0	0	0	1	0
DEL00005065	1	1	9	1	1	0	0	0	0	0	0
DEL00005069	0	0	0	1	1	0	0	0	0	0	0
DEL00005072	0	0	0	1	0	0	0	0	0	0	0
DEL00005073	0	0	0	1	0	0	0	0	0	0	0
INS00005074	0	0	0	1	0	0	0	0	0	0	0
DEL00005075	1	9	0	1	0	0	0	0	0	0	0
DEL00005076	0	0	0	1	0	0	0	0	0	0	0
DEL00005077	0	0	0	1	0	0	0	0	0	0	0
DEL00005079	0	0	0	1	0	0	0	0	0	0	0
INS00005094	0	0	0	1	0	0	0	0	0	0	0
DEL00005096	0	0	0	1	2	2	0	0	0	0	0
DEL00005097	1	1	0	1	2	2	0	0	0	0	0
DEL00005098	0	0	0	1	0	2	2	0	0	0	0
DEL00005102	0	0	0	1	0	0	0	0	0	0	0
DEL00005103	0	0	0	1	2	0	0	0	2	0	0
DEL00005104	0	0	0	1	2	0	2	0	0	0	0
DEL00005112	0	0	0	1	2	0	0	0	0	0	0
DEL00005118	1	1	0	1	2	0	0	0	0	0	0
DEL00005121	0	0	0	1	3	0	0	0	0	0	0
DEL00005124	0	0	0	1	5	0	0	0	0	0	0
INS00005125	0	0	0	1	5	0	0	0	0	0	0
DEL00005126	0	0	0	1	7	0	2	0	0	0	0
DEL00005127	0	0	0	1	5	0	0	0	0	0	0
INS00005128	0	0	0	1	5	0	0	0	0	0	0
DEL00005129	0	0	0	1	5	0	0	0	0	0	0
DEL00005133	0	0	0	1	5	0	0	0	0	0	0
DEL00005134	0	0	0	1	10	0	2	0	3	0	0
BND00005142	0	0	0	1	5	0	0	0	0	0	0
BND00005144	0	0	0	1	5	0	0	0	0	0	0
BND00005154	0	0	0	1	7	0	0	0	0	0	0
INS00005160	1	4	0	1	7	0	0	0	0	0	0
INV00005165	1	1	0	1	11	2	2	0	0	0	0
DEL00005169	0	0	0	1	9	2	0	0	0	0	0
DUP00005175	1	18	0	1	1	0	0	0	0	0	0
INS00005177	0	0	0	1	1	0	0	0	0	0	0
DEL00005178	0	0	0	1	1	0	0	0	0	0	0
DEL00005190	0	0	0	1	3	0	2	0	0	0	0
DEL00005191	0	0	0	1	1	0	0	0	0	0	0
DEL00005192	0	0	0	1	1	0	0	0	0	0	0
DEL00005202	0	0	0	1	1	0	0	0	0	0	0
DUP00005205	1	1	320	36	3	0	2	0	0	0	0
DEL00005206	0	0	0	1	1	0	0	0	0	0	0
DEL00005207	0	0	0	1	3	0	2	0	0	0	0
DEL00005208	0	0	0	1	1	0	0	0	0	0	0
DEL00005212	0	0	0	1	0	0	0	0	0	0	0
DEL00005214	0	0	0	1	0	0	0	0	0	0	0
DEL00005219	1	5	0	1	0	0	0	0	0	0	0
DUP00005220	0	0	0	1	0	0	0	0	0	1	0
DEL00005236	1	12	0	1	4	0	0	0	0	0	0
DEL00005240	0	0	0	1	6	0	0	0	0	0	2
DEL00005241	0	0	0	1	0	0	0	0	0	0	0
DEL00005242	0	0	0	1	0	0	0	0	0	0	0
INS00005253	0	0	0	1	5	4	0	0	0	0	0
INS00005254	0	0	0	1	3	2	0	0	0	0	0
DEL00005256	0	0	0	1	2	0	0	0	0	0	0
DEL00005260	1	3	0	1	2	0	0	0	0	0	0
DEL00005261	1	16	0	1	2	0	0	0	0	0	0
DEL00005263	0	0	0	1	2	0	2	0	0	0	0
DEL00005264	0	0	0	1	2	0	0	0	0	0	0
DEL00005266	0	0	0	1	2	0	0	0	0	0	0
DEL00005271	1	1	0	1	2	0	0	0	0	0	0
INS00005274	0	0	0	1	2	0	0	0	0	0	0
DEL00005281	0	0	0	1	0	0	0	0	0	0	0
DEL00005282	0	0	0	1	0	0	0	0	0	0	0
DEL00005283	1	16	0	1	3	0	0	0	0	0	0
DEL00005286	1	1	0	1	5	0	0	0	0	0	0
DEL00005287	1	1	0	2	5	0	2	0	0	0	0
DEL00005293	0	0	0	1	5	0	0	0	0	0	0
DEL00005296	1	4	0	1	0	1	0	0	0	0	0
DEL00005297	0	0	0	1	0	0	0	0	0	0	0
DEL00005298	1	1	0	1	0	0	0	0	0	0	0
DEL00005300	0	0	0	1	2	3	0	0	0	2	0
DEL00005306	0	0	0	1	2	0	0	0	0	0	0
INS00005318	0	0	0	1	2	0	0	0	0	0	0
DEL00005319	0	0	0	1	4	0	0	0	0	0	0
DEL00005322	1	100	0	1	1	0	0	0	0	0	0
DEL00005324	0	0	0	1	1	0	0	0	0	0	0
DEL00005326	1	4	0	1	3	0	0	0	0	0	0
DEL00005327	1	4	0	1	3	0	0	0	0	0	0
DEL00005331	1	1	0	1	5	0	2	0	0	0	0
INS00005333	1	9	0	1	3	0	0	0	0	0	0
DEL00005335	0	0	0	1	5	0	0	0	0	0	0
DEL00005340	0	0	0	1	5	0	0	0	0	0	0
DEL00005347	1	1	0	1	5	2	0	0	0	0	0
INV00005348	2	101	70756	84	44	8	32	0	0	0	0
DEL00005350	0	0	0	1	7	2	0	0	0	0	0
DEL00005351	0	0	0	1	7	2	0	0	0	0	0
DEL00005357	0	0	0	1	5	0	0	0	0	0	0
DEL00005360	0	0	0	1	5	0	0	0	0	0	0
INS00005361	0	0	0	1	5	0	0	0	0	0	0
DEL00005362	0	0	0	1	5	0	0	0	0	0	0
DEL00005363	0	0	0	1	5	0	0	0	0	0	0
DEL00005369	0	0	0	1	5	0	0	0	0	0	0
DEL00005370	0	0	0	1	5	0	0	0	0	0	0
DEL00005373	1	6	0	1	5	0	0	0	0	0	0
DEL00005376	1	42	0	1	5	0	0	0	0	0	0
DEL00005377	1	42	0	1	5	0	0	0	0	0	0
DEL00005378	1	1	0	1	5	0	0	0	0	0	0
DEL00005384	0	0	0	1	5	0	0	0	0	0	0
INV00005386	0	0	0	1	5	0	0	0	0	0	0
DEL00005387	0	0	0	1	5	0	0	0	0	0	0
DEL00005390	1	1	0	1	5	0	0	0	0	0	0
DEL00005393	0	0	0	1	7	0	0	0	0	0	0
DEL00005394	3	6	0	1	10	0	0	0	0	0	0
DEL00005404	1	16	0	1	3	0	0	0	0	0	0
DEL00005406	0	0	0	1	8	0	0	0	0	0	0
INV00005407	0	0	0	1	7	1	0	0	0	0	0
DEL00005426	0	0	0	1	0	0	0	0	0	0	0
DEL00005432	0	0	0	1	0	0	0	0	0	0	0
INS00005437	0	0	0	1	0	0	0	0	0	0	0
INS00005439	0	0	0	1	0	0	0	0	0	0	0
DUP00005450	0	0	0	1	0	15	0	4	0	4	0
DEL00005461	1	1	0	1	11	20	0	4	0	4	0
BND00005465	0	0	0	1	11	20	0	4	0	4	0
BND00005469	0	0	0	1	11	20	0	4	0	4	0
DEL00005496	0	0	0	1	3	0	0	0	0	0	0
INS00005497	0	0	0	1	2	0	0	0	0	0	0
DEL00005503	1	9	0	1	6	4	0	0	0	0	0
DEL00005505	1	1	0	1	6	4	2	0	0	0	0
DEL00005507	1	1	0	2	4	0	0	0	0	0	0
DEL00005512	1	1	0	1	4	0	0	0	0	0	0
DEL00005518	0	0	0	1	8	0	2	2	0	0	0
DEL00005520	0	0	0	1	4	0	0	0	0	0	0
INS00005522	1	3	0	1	4	0	0	0	0	0	0
DEL00005524	0	0	0	1	4	0	0	0	0	0	0
DEL00005525	1	4	0	1	5	0	0	0	0	1	0
DEL00005526	0	0	0	1	4	0	0	0	0	0	0
DEL00005529	0	0	0	1	6	0	0	0	0	0	0
INS00005530	0	0	0	1	6	0	0	0	0	0	0
DEL00005531	1	1	0	1	4	0	0	0	0	0	0
DEL00005532	1	4	0	1	2	0	0	0	2	0	0
INS00005533	1	4	0	1	2	0	0	0	2	0	0
INS00005536	0	0	0	1	0	0	0	0	0	0	0
DEL00005540	1	4	0	1	0	0	0	0	0	0	0
DEL00005541	1	4	0	1	0	0	0	0	0	0	0
DEL00005543	0	0	0	1	0	0	0	0	0	0	0
DEL00005544	0	0	0	2	0	0	0	0	0	0	0
DEL00005551	0	0	0	1	8	2	0	0	0	0	0
DEL00005555	0	0	0	1	7	1	0	0	0	0	0
DEL00005556	0	0	0	1	0	0	0	0	0	0	0
INS00005558	0	0	0	1	0	0	0	0	0	0	0
DEL00005560	0	0	0	3	0	6	0	0	0	0	0
BND00005580	0	0	0	1	2	10	0	0	0	0	0
DEL00005581	0	0	0	2	1	9	0	0	0	0	0
DEL00005582	0	0	0	2	1	9	0	0	0	0	0
DEL00005583	0	0	0	1	1	9	0	0	0	0	0
DEL00005584	0	0	0	2	1	9	0	0	0	0	0
INV00005591	0	0	0	11	1	9	0	0	0	0	0
DUP00005592	0	0	0	6	1	9	0	0	0	0	0
INS00005602	0	0	0	1	0	8	0	0	0	0	0
DEL00005610	1	3	0	1	0	5	0	0	0	0	0
DEL00005612	1	16	0	1	2	0	2	0	0	0	0
DEL00005615	0	0	0	4	0	2	0	0	0	0	0
DEL00005617	1	4	0	1	0	2	0	0	0	0	0
DEL00005618	1	1	0	1	0	2	0	0	0	0	0
INS00005620	0	0	0	1	0	2	0	0	0	0	0
INS00005624	0	0	0	1	2	1	0	0	0	0	0
DEL00005635	0	0	0	1	5	2	0	0	0	0	0
DEL00005636	0	0	0	1	5	2	0	0	0	0	0
INS00005638	0	0	0	1	7	2	0	0	2	0	0
DEL00005640	0	0	0	1	5	3	0	0	0	0	0
DEL00005645	0	0	0	1	6	4	0	0	0	0	0
DEL00005646	0	0	0	1	5	3	0	0	0	0	0
DEL00005649	0	0	0	1	5	2	0	0	0	0	0
DEL00005660	0	0	0	1	2	0	0	0	0	0	0
DEL00005661	1	2	0	1	2	0	0	0	0	0	0
DEL00005666	1	1	0	2	2	0	0	0	0	0	0
DEL00005671	1	9	0	1	2	0	0	0	0	0	0
DEL00005673	0	0	0	1	2	0	0	0	0	0	0
DEL00005674	0	0	0	1	2	0	0	0	0	0	0
DEL00005675	1	16	0	2	2	0	0	0	0	0	0
DEL00005683	1	1	0	1	2	0	0	0	0	0	0
DEL00005685	0	0	0	1	3	1	0	0	0	0	0
DEL00005687	1	1	16	1	0	0	0	0	0	0	0
DEL00005694	0	0	0	1	0	0	0	0	0	0	0
DEL00005699	1	1	26	5	1	0	0	0	0	0	0
DEL00005705	0	0	0	1	1	0	0	0	0	0	0
DEL00005711	0	0	0	1	1	0	0	0	0	0	0
DEL00005719	0	0	0	1	1	0	0	0	0	0	0
DEL00005722	1	1	0	1	3	2	0	0	0	0	0
DEL00005734	1	1	0	1	3	8	0	0	0	0	0
DEL00005735	0	0	0	1	3	8	0	0	0	0	0
INS00005743	0	0	0	1	3	8	0	0	0	0	0
DEL00005744	0	0	0	1	3	8	0	0	0	0	0
DEL00005747	0	0	0	1	3	8	0	0	0	0	0
DEL00005754	1	1	0	2	1	0	0	0	0	0	0
DEL00005761	0	0	0	1	3	0	0	0	0	0	0
DEL00005763	1	1	9	1	3	0	0	0	0	0	0
DEL00005764	0	0	0	1	3	0	0	0	0	0	0
DEL00005768	0	0	0	1	3	0	0	0	0	0	0
DEL00005770	0	0	0	1	7	0	0	0	0	0	0
DEL00005781	0	0	0	1	8	2	0	0	0	0	0
DEL00005782	0	0	0	1	6	2	0	0	0	0	0
DEL00005783	0	0	0	1	3	0	0	0	0	0	0
DEL00005784	0	0	0	1	3	0	0	0	0	0	0
DEL00005789	0	0	0	1	4	1	0	0	0	0	0
INS00005790	0	0	0	1	4	1	0	0	0	0	0
DEL00005793	0	0	0	1	3	0	0	0	0	0	0
DEL00005800	1	4	46	1	3	0	0	0	0	0	0
DEL00005801	1	4	0	1	3	0	0	0	0	0	0
DEL00005804	0	0	0	1	3	0	0	0	0	0	0
DEL00005808	0	0	0	1	7	3	0	0	0	2	0
DEL00005810	0	0	0	1	15	15	0	0	2	2	0
DEL00005811	0	0	0	1	15	16	0	0	2	0	0
DEL00005812	0	0	0	1	9	3	2	0	0	1	0
DEL00005824	0	0	0	1	1	0	0	0	0	0	0
DEL00005832	0	0	0	1	7	5	2	0	0	1	0
DEL00005893	1	4	200	1	1	3	0	0	0	0	0
DEL00005894	1	4	200	1	1	3	0	0	0	0	0
DEL00005896	1	4	100	1	1	3	0	0	0	0	0
DEL00005898	1	4	200	1	1	3	0	0	0	0	0
DEL00005904	0	0	0	1	10	0	0	0	0	0	0
DEL00005913	1	4	46	2	9	3	0	0	0	0	0
DEL00005921	0	0	0	1	8	3	0	2	0	4	0
BND00005937	0	0	0	1	16	0	0	0	0	0	0
BND00005941	0	0	0	1	16	0	0	0	0	0	0
BND00005942	0	0	0	1	16	0	0	0	0	0	0
BND00005948	0	0	0	1	10	0	0	0	0	0	0
BND00005972	0	0	0	1	7	0	0	0	0	0	0
DEL00005973	1	1	0	1	7	0	0	0	0	0	0
DEL00005984	0	0	0	2	7	0	0	0	0	0	0
DEL00005993	0	0	0	1	9	0	0	0	0	0	0
INS00006012	1	1	0	1	10	0	0	0	0	0	0
INS00006023	1	1	0	1	18	4	0	0	0	0	0
DEL00006032	0	0	0	1	14	2	0	0	0	1	0
DEL00006033	0	0	0	1	15	6	0	0	0	3	0
DEL00006047	0	0	0	1	8	1	0	0	0	0	0
DEL00006056	1	4	74	1	9	0	0	0	0	0	0
DEL00006058	1	4	0	1	11	0	0	0	0	0	0
DEL00006068	0	0	0	1	7	0	0	0	0	0	0
DEL00006087	0	0	0	1	3	0	0	0	0	0	0
DEL00006090	0	0	0	1	2	0	0	0	0	0	0
DEL00006094	0	0	0	1	2	0	0	0	0	0	0
DEL00006101	0	0	0	2	0	0	0	0	0	0	0
INS00006103	1	4	0	1	0	0	0	0	0	0	0
INS00006106	0	0	0	1	0	0	0	0	0	0	0
DEL00006119	0	0	0	0	0	0	0	0	0	0	0
DEL00006121	0	0	0	0	0	0	0	0	0	0	0
DEL00006137	0	0	0	0	0	0	0	0	0	0	0
DEL00006140	0	0	0	0	0	0	0	0	0	0	0
DEL00006156	0	0	0	0	0	0	0	0	0	0	0
DEL00006157	0	0	0	0	0	0	0	0	0	0	0
BND00006182	0	0	0	0	0	0	0	0	0	0	0
BND00006187	0	0	0	0	0	0	0	0	0	0	0
BND00006204	0	0	0	0	0	0	0	0	0	0	0
INV00006215	0	0	0	0	0	0	0	0	0	0	0
DEL00006230	0	0	0	0	0	0	0	0	0	0	0
DEL00006282	0	0	0	0	0	0	0	0	0	0	0
INS00006285	0	0	0	0	0	0	0	0	0	0	0
BND00006294	0	0	0	0	0	0	0	0	0	0	0
DEL00006323	1	1	0	0	0	0	0	0	0	0	0
DUP00006330	0	0	0	0	0	0	0	0	0	0	0
DEL00006365	0	0	0	0	0	0	0	0	0	0	0
INS00006370	0	0	0	0	0	0	0	0	0	0	0
INS00006373	0	0	0	0	0	0	0	0	0	0	0
DEL00006389	0	0	0	0	0	0	0	0	0	0	0
DEL00006399	0	0	0	0	0	0	0	0	0	0	0
DEL00006456	0	0	0	0	0	0	0	0	0	0	0
BND00006459	0	0	0	0	0	0	0	0	0	0	0
DUP00006462	0	0	0	0	0	0	0	0	0	0	0
DEL00006468	1	1	0	0	0	0	0	0	0	0	0
DEL00006489	0	0	0	0	0	0	0	0	0	0	0
DEL00006528	0	0	0	0	0	0	0	0	0	0	0
DEL00006529	0	0	0	0	0	0	0	0	0	0	0
BND00006536	0	0	0	0	0	0	0	0	0	0	0
DEL00006545	0	0	0	0	0	0	0	0	0	0	0
INS00006570	0	0	0	0	0	0	0	0	0	0	0
DEL00006576	0	0	0	0	0	0	0	0	0	0	0
DEL00006580	1	1	0	0	0	0	0	0	0	0	0
BND00006581	1	1	0	0	0	0	0	0	0	0	0
DEL00006584	1	1	7	0	0	0	0	0	0	0	0
DEL00006606	0	0	0	0	0	0	0	0	0	0	0
DEL00006722	0	0	0	0	0	0	0	0	0	0	0
INS00006726	0	0	0	0	0	0	0	0	0	0	0
BND00006727	0	0	0	0	0	0	0	0	0	0	0
BND00006755	0	0	0	0	0	0	0	0	0	0	0
BND00006786	0	0	0	0	0	0	0	0	0	0	0
DEL00006808	0	0	0	0	0	0	0	0	0	0	0
BND00006870	0	0	0	0	0	0	0	0	0	0	0
INS00006875	0	0	0	0	0	0	0	0	0	0	0
DEL00006877	0	0	0	0	0	0	0	0	0	0	0
DEL00006879	0	0	0	0	0	0	0	0	0	0	0
DEL00006880	0	0	0	0	0	0	0	0	0	0	0
